0.060989,0.12168,0.078563,0.91483057,0.6023199,0.39094514,0.5184677,0.43705687,0.52733463,0.5618575,0.57107466,0.9014019,0.725984,0.4983985,0.5638156,0.28896376,0.021763,0.047147,0.027574,0.21244751,0.3440572,0.284187,0.30010334,0.39140216,0.37706718,0.521725,0.597258,0.569448,0.57943,0.603077,0.532692,0.500719,0.024209,0.038777,0.006972,0.24002029,0.40580368,0.1697456,0.390015,0.546086,0.428886,0.588115,0.476958,0.629604,0.608619,0.712132,0.579802,0.404556,0.025237,0.049772,0.030514,0.88279516,0.376243,0.145547,0.130094,0.102807,0.087232,0.104479,0.154579,0.128153,0.148744,0.161797,0.132869,0.10984,0.008394444,0.75,0.0,0.72,0.0,0.040456668,0.048270002,0.049094286
0.056494,0.121974,0.076265,0.7232874,0.41879323,0.6148243,0.5188265,0.5274523,0.424993,0.5322,0.51332533,0.7481481,0.643302,0.6317585,0.59579813,0.3813106,0.037199,0.110931,0.032135,0.32017416,0.5098632,0.3845415,0.42021334,0.36568642,0.3975757,0.47604,0.491114,0.499873,0.425501,0.432295,0.385927,0.365091,0.02332,0.063263,0.008265,0.24229436,0.330209,0.17748,0.42565784,0.294426,0.442383,0.27929,0.3107,0.333166,0.270912,0.330482,0.274561,0.197445,0.032927,0.067481,0.030071,0.631281,0.476249,0.265245,0.26665,0.122238,0.141392,0.114982,0.112123,0.142103,0.092812,0.103042,0.080517,0.074316,0.013424445,0.65833336,0.02610389,0.632,0.0,0.12441556,0.08808722,0.15083627
0.010201,0.617722,0.15078,0.8798867,0.6966541,0.83670527,0.4096555,0.55924404,0.56167704,0.79574436,0.5308793,0.6183013,0.7222715,0.568888,0.5390825,0.29344127,0.008608,0.469152,0.110101,0.59144205,0.9687212,0.41193,0.41339502,0.45448786,0.42822716,0.533115,0.546572,0.377332,0.585511,0.51069,0.440184,0.581651,0.015019,0.098983,0.02273,0.2781882,0.33003768,0.1402192,0.17400858,0.210864,0.138856,0.116081,0.102951,0.093287,0.092761,0.087495,0.082899,0.092593,0.029516,0.025938,0.02562,0.7000637,0.607798,0.14513,0.119631,0.111516,0.0872,0.083667,0.092668,0.069376,0.121097,0.086738,0.076011,0.12119,0.17721334,0.53333336,0.40420443,0.512,0.0,0.2991067,0.5203011,0.42732885
0.069627,0.357759,0.095914,0.6977785,0.20263399,0.7468125,0.3268105,0.7624674,0.63037133,0.81162626,0.58705264,0.74827313,0.5635675,0.478634,0.41608936,0.21489188,0.08688,0.385027,0.047281,0.478109,0.5169236,0.4908925,0.34217724,0.35704857,0.313295,0.470985,0.411309,0.514778,0.533912,0.445987,0.422483,0.440333,0.021509,0.065533,0.007576,0.15801258,0.20549066,0.121286,0.08994857,0.184656,0.160975,0.110489,0.093686,0.085424,0.092627,0.133269,0.186733,0.102701,0.019293,0.033807,0.02838,0.58071965,0.287993,0.115078,0.068124,0.078789,0.057361,0.046429,0.043537,0.052156,0.051165,0.04333,0.047258,0.040876,0.25329444,0.5833333,0.2830811,0.56,0.0,0.32729724,0.2830811,0.38933516
0.053999,0.106682,0.082517,0.7600824,0.48355865,0.50647557,0.53131574,0.5051392,0.645846,0.465705,0.5735123,0.69279057,0.70959,0.6408045,0.57035,0.5660375,0.038078,0.092343,0.031949,0.3748159,0.5370124,0.487165,0.504395,0.51162857,0.45601574,0.533243,0.560889,0.556387,0.494793,0.501327,0.493472,0.468542,0.02773,0.053397,0.009213,0.211768,0.312497,0.3119116,0.90806574,0.484125,0.564726,0.389651,0.406975,0.447021,0.35868,0.374482,0.417821,0.321305,0.043477,0.073695,0.030068,0.77615285,0.55736,0.304407,0.449486,0.257063,0.220556,0.143092,0.145461,0.154025,0.130077,0.16113,0.135949,0.090004,0.07122889,0.6166667,0.0,0.592,0.0,0.28165722,0.10812611,0.20074172
0.063605,0.10989,0.081286,0.9283129,0.6299937,0.42803043,0.5637785,0.29669,0.689646,0.75021625,0.272687,0.5321487,0.2939395,0.516515,0.4506156,0.2937044,0.022386,0.064288,0.029356,0.24535917,0.34059802,0.38371,0.44020945,0.5209907,0.4580014,0.587808,0.656013,0.695867,0.643692,0.631764,0.610453,0.603686,0.018429,0.043662,0.008742,0.4572635,0.409538,0.38769442,0.56173855,0.99839,0.55879,0.604196,0.677653,0.594109,0.713379,0.781767,0.629166,0.775105,0.027018,0.062851,0.030205,0.8199716,0.45673,0.257351,0.304795,0.218807,0.154175,0.164453,0.229839,0.181715,0.195418,0.213616,0.172296,0.191672,0.024936112,0.8333333,0.0107861115,0.8,0.0,0.13294333,0.17816111,0.18454143
0.088632,0.442798,0.127395,0.8464871,0.3966781,0.804889,0.2785525,0.665352,0.46558067,0.9574962,0.5674073,0.8043481,0.74017847,0.6079815,0.58454126,0.46995997,0.148252,0.41679,0.073213,0.93469924,0.99297875,0.742592,0.518615,0.47301218,0.37218642,0.44793,0.446726,0.413804,0.398513,0.450619,0.401092,0.399009,0.03328,0.118903,0.009326,0.32289544,0.239079,0.13429281,0.11221357,0.14936,0.149863,0.165656,0.138559,0.10541,0.096563,0.095483,0.12171,0.10344,0.046914,0.032378,0.02441,0.64952934,0.520857,0.320441,0.091216,0.112769,0.07482,0.074949,0.073349,0.057735,0.068087,0.086922,0.073932,0.056119,0.53427947,0.53333336,0.62314725,0.512,0.0,0.75770336,0.6599278,0.7378403
0.063155,0.134424,0.092656,0.6479405,0.3757259,0.624391,0.46538374,0.5086103,0.43731865,0.4352744,0.56564367,0.5602762,0.7093175,0.44747102,0.49299937,0.5985912,0.048954,0.142645,0.037546,0.46621752,0.64919364,0.5303505,0.5738211,0.59244573,0.56622714,0.617837,0.64887,0.670714,0.559498,0.513516,0.487508,0.496212,0.02011,0.052302,0.008946,0.15930057,0.27347833,0.160082,0.55622,0.370745,0.553614,0.237523,0.23295,0.280755,0.273286,0.218616,0.240275,0.28918,0.032804,0.055494,0.029187,0.60904765,0.404482,0.262812,0.190345,0.168268,0.162674,0.11543,0.12829,0.165661,0.094398,0.093582,0.099717,0.070242,0.068837225,0.65,0.0025494443,0.624,0.0,0.20803778,0.1957189,0.22014572
0.055511,0.109073,0.077588,0.6931444,0.36118183,0.6540453,0.411145,0.53987914,0.52422065,0.58023185,0.39573434,0.59187126,0.6383275,0.625105,0.79498315,0.32794875,0.030491,0.092988,0.029169,0.2462455,0.3639204,0.430718,0.34269056,0.34551716,0.3617643,0.473681,0.492983,0.44486,0.43379,0.458663,0.478521,0.520577,0.021495,0.058042,0.007205,0.16948228,0.18481232,0.2589084,0.32370642,0.324145,0.286794,0.26294,0.251349,0.219246,0.219268,0.272904,0.233025,0.294145,0.024807,0.050458,0.030493,0.7237285,0.275308,0.227763,0.123937,0.102251,0.104674,0.098102,0.180602,0.077407,0.095386,0.123534,0.127142,0.203791,0.04312333,0.59166664,0.0,0.568,0.0,0.20637167,0.13039,0.17511714
0.07596,0.151514,0.084973,0.65652657,0.5366205,0.39728054,0.61435175,0.0072362935,0.65054137,0.41322,0.614905,0.5136962,0.5268355,0.4982695,0.56692,0.23370875,0.028848,0.066949,0.032946,0.36809292,0.524494,0.3657415,0.3264428,0.38819999,0.36757,0.505078,0.504843,0.48117,0.515459,0.490911,0.539276,0.508066,0.035931,0.082087,0.010016,0.32194576,0.5123953,0.374688,0.3312086,0.339662,0.426678,0.314852,0.349797,0.240461,0.344604,0.237889,0.312605,0.372894,0.024531,0.050079,0.029701,0.5769232,0.454188,0.229179,0.142973,0.118219,0.116121,0.145984,0.119732,0.115446,0.147884,0.161294,0.192024,0.129702,0.06813333,0.81666666,0.072908334,0.784,0.0,0.1434789,0.29182944,0.36313573
0.073549,0.184322,0.09347,0.69036645,0.333063,0.545519,0.327767,0.40002942,0.3140497,0.7466444,0.39728132,0.8441375,0.709957,0.519965,0.76339936,0.37339625,0.0688,0.214085,0.039082,0.4458185,0.5954208,0.636228,0.5210322,0.61962074,0.47091284,0.578351,0.657149,0.525785,0.538392,0.491099,0.501691,0.488162,0.039295,0.08253,0.006667,0.21527036,0.28360835,0.363374,0.4539457,0.60199,0.299288,0.336518,0.43712,0.222648,0.367167,0.241121,0.207845,0.189415,0.050501,0.090307,0.029237,0.6696324,0.512684,0.380461,0.260225,0.256166,0.150473,0.117123,0.167199,0.087857,0.106038,0.122712,0.09567,0.096229,0.18990001,0.725,0.54110223,0.696,0.0,0.56390834,0.11305223,0.67925256
0.053637,0.097556,0.074777,0.7759607,0.7306352,0.31869128,0.26683426,0.5092617,0.39978966,0.64679563,0.27582067,0.2883481,0.61105597,0.59690154,0.6985525,0.4541256,0.013904,0.042225,0.025297,0.24728858,0.43254837,0.4390185,0.34753224,0.39062288,0.30569643,0.462938,0.457065,0.437793,0.471143,0.433484,0.461183,0.496253,0.024209,0.050979,0.005918,0.38043478,0.6363993,0.40040797,0.34730428,0.516923,0.288754,0.745888,0.534484,0.538122,0.431663,0.796469,0.755499,0.529176,0.009829,0.072738,0.00909,0.31808665,0.373656,0.260893,0.143717,0.13495,0.098076,0.134731,0.14497,0.128139,0.16696,0.182382,0.1855,0.262444,0.019195557,0.56666666,0.01881278,0.544,0.0,0.065007776,0.12928666,0.11460514
0.076014,0.131183,0.079764,0.7302865,0.527663,0.38264585,0.2855155,0.44483116,0.28486267,0.45977688,0.44660366,0.732205,0.502542,0.679669,0.23097123,0.21487373,0.026035,0.05584,0.030885,0.33624306,0.46698442,0.395049,0.3697589,0.40213215,0.3768393,0.591789,0.542621,0.597491,0.63558,0.632036,0.598362,0.630737,0.028863,0.046427,0.008091,0.397159,0.42418134,0.3060904,0.34072143,0.448396,0.664895,0.535182,0.369743,0.518285,0.646347,0.532745,0.408908,0.539678,0.02502,0.052906,0.029994,0.68004495,0.568138,0.221904,0.149156,0.116815,0.118932,0.124714,0.13256,0.227102,0.268924,0.2942,0.212068,0.243091,0.044109445,0.5083333,0.042113338,0.488,0.0,0.10130334,0.11628445,0.13460657
0.072709,0.154172,0.079737,0.5976365,0.39201418,0.5544596,0.47053,0.40341258,0.302799,0.39452437,0.352424,0.4901356,0.7200405,0.5717435,0.5280356,0.43124935,0.025659,0.080571,0.030025,0.21841143,0.3214568,0.350951,0.35733446,0.37516215,0.36279714,0.48944,0.439028,0.389667,0.411212,0.469801,0.414228,0.415567,0.016014,0.04064,0.007678,0.16178843,0.210171,0.17578681,0.42631784,0.413389,0.302305,0.273026,0.249763,0.168773,0.202386,0.221185,0.315092,0.178961,0.02406,0.046091,0.030529,0.6589995,0.363945,0.284109,0.244811,0.147147,0.172659,0.110795,0.081726,0.058135,0.091542,0.105861,0.079591,0.074465,0.086331114,0.625,0.14283668,0.6,0.0,0.2302489,0.2530689,0.4086214
0.04306,0.171913,0.084732,0.74971443,0.46725544,0.29159072,0.54397076,0.5350868,0.505571,1.0425712,0.5063303,0.71520567,0.5922635,0.5773155,0.6797394,0.57506746,0.036256,0.220299,0.038246,0.50498396,0.6770568,0.521072,0.5843339,0.637415,0.48129427,0.636387,0.581392,0.609595,0.573111,0.505108,0.526706,0.486981,0.020967,0.081541,0.007784,0.28448465,0.436612,0.29166082,0.5867743,0.547406,0.322344,0.329787,0.343807,0.324932,0.380573,0.380463,0.357664,0.250089,0.024527,0.122616,0.029078,0.60442835,0.369257,0.230983,0.270144,0.188964,0.13748,0.116999,0.183273,0.112276,0.126396,0.102533,0.115432,0.089027,0.2968028,0.625,0.047733333,0.6,0.0,0.5400517,0.020172779,0.36054373
0.026862,0.04766,0.077973,0.7777881,0.70989555,0.6552289,0.38344374,0.430796,0.28553367,0.73183745,0.7386463,0.5749487,0.74193454,0.57276154,0.3674031,0.30493814,0.01308,0.035126,0.032363,0.30435643,0.4818956,0.3755015,0.32623336,0.35101715,0.35166284,0.537497,0.479925,0.473982,0.547122,0.44419,0.402022,0.349349,0.016634,0.037435,0.009415,0.24804272,0.296518,0.3469448,0.4441993,0.399247,0.403566,0.740292,0.291368,0.347372,0.383211,0.237026,0.271136,0.199312,0.029439,0.064073,0.029957,0.8777825,0.577767,0.260412,0.19393,0.17113,0.144028,0.154679,0.114996,0.123625,0.161552,0.099311,0.086026,0.07299,0.02971,0.675,0.008742223,0.648,0.0,0.11878944,0.20322278,0.18862829
0.032907,0.053586,0.082198,0.78054947,0.80870676,0.582517,0.2907795,0.6123683,0.791341,0.7959038,0.5812133,0.48080814,0.6111855,0.328922,0.21420188,0.12881562,0.015408,0.043787,0.035129,0.34495676,0.66056836,0.5993615,0.39080667,0.41950214,0.35344502,0.537637,0.433308,0.467485,0.494444,0.476383,0.479706,0.61264,0.015041,0.034604,0.008331,0.22912599,0.32181734,0.1846796,0.28513286,0.426782,0.298693,0.317256,0.233194,0.205392,0.227443,0.309101,0.268002,0.250772,0.027573,0.058409,0.02937,0.6916485,0.588096,0.328618,0.181966,0.172486,0.143029,0.135176,0.082018,0.089094,0.090969,0.090794,0.113864,0.18379,0.04455611,0.8833333,0.0,0.848,0.0,0.088687226,0.20385055,0.23075715
0.056275,0.092874,0.075021,0.80622655,0.68607754,0.32970986,0.21859574,0.4752769,0.391361,0.16679811,0.419415,0.38906938,0.6361915,0.3958935,0.453365,0.10361688,0.018743,0.035549,0.029811,0.27313668,0.3933804,0.4102785,0.30124277,0.3675386,0.33411428,0.471469,0.480915,0.497345,0.501448,0.478963,0.507091,0.614969,0.023338,0.034504,0.007448,0.32278344,0.316744,0.50543,0.3558143,0.46786,0.334202,0.395479,0.46345,0.664876,0.793763,0.80355,0.985174,1.19476,0.025464,0.052783,0.029969,0.7778471,0.390042,0.393405,0.146904,0.133725,0.113286,0.121611,0.144563,0.23569,0.261603,0.213441,0.182592,0.308108,0.027353333,0.5833333,0.0035427778,0.56,0.0,0.13512556,0.06724056,0.15220456
0.174965,0.544257,0.085136,0.6811825,0.13836458,0.481106,0.2293935,0.56885487,0.47239468,0.5373231,0.48639834,0.8480987,0.59964347,0.56175697,0.43204936,0.34574872,0.129921,0.290624,0.033109,0.36781368,0.4677488,0.5366645,0.35854834,0.3935043,0.34508145,0.495494,0.41412,0.467667,0.400346,0.410832,0.442905,0.404067,0.018882,0.051657,0.0059,0.1551393,0.10214767,0.1443536,0.17928357,0.211778,0.165114,0.157895,0.16406,0.156487,0.102478,0.134925,0.123237,0.100054,0.014994,0.025466,0.030259,0.5912488,0.138179,0.111024,0.109675,0.078054,0.069673,0.061393,0.048667,0.058985,0.045488,0.051311,0.054614,0.054532,0.66047835,0.56666666,0.7776589,0.544,0.0,0.6673317,0.7977194,0.758896
0.087495,0.208201,0.085096,0.6628817,0.2779171,0.28572887,0.47622275,0.60502803,0.36835232,0.7752181,0.6195987,0.4590175,0.73064303,0.5629425,0.69416434,0.5817863,0.033702,0.067717,0.028652,0.18714757,0.32381362,0.3673935,0.41007447,0.44676143,0.39355,0.543455,0.527481,0.484763,0.500138,0.489431,0.492143,0.436253,0.023245,0.041909,0.00757,0.15759729,0.20916033,0.180834,0.22200145,0.354029,0.271257,0.258583,0.288273,0.191855,0.180261,0.167407,0.208021,0.161721,0.020096,0.041458,0.030462,0.6502798,0.231345,0.154492,0.207651,0.164326,0.105474,0.087898,0.101537,0.07632,0.07501,0.091481,0.08091,0.06815,0.016177222,0.53333336,0.08386611,0.512,0.0,0.107102774,0.21922722,0.19816287
0.104806,0.285973,0.0886,0.6895627,0.18401526,0.58569187,0.33532324,0.50856227,0.35831133,0.68178123,0.597852,0.74740314,0.6335715,0.6742985,0.671705,0.5220256,0.08069,0.239467,0.0349,0.45728508,0.5672428,0.543282,0.5204595,0.5782143,0.45586714,0.651749,0.570226,0.562391,0.517446,0.557036,0.511568,0.497961,0.041528,0.080118,0.008765,0.110559285,0.16425933,0.1324132,0.22539714,0.293409,0.178587,0.173621,0.175059,0.210762,0.187753,0.172254,0.144786,0.176784,0.036783,0.044668,0.029669,0.67098665,0.284473,0.185316,0.151062,0.149649,0.108747,0.095393,0.104229,0.092483,0.058114,0.079299,0.061743,0.061703,0.06625389,0.45833334,0.21181555,0.44,0.0,0.08153778,0.25842336,0.17990914
0.046965,0.109535,0.073727,0.78906024,0.4454436,0.4611304,0.48680526,0.3782143,0.57384664,1.0563956,0.54687136,0.4601994,0.5099105,0.602219,0.88907063,0.5360193,0.021924,0.065799,0.03223,0.25963518,0.3881504,0.2740815,0.30960724,0.32703358,0.30972785,0.441728,0.47056,0.446364,0.414845,0.40772,0.416793,0.40658,0.016487,0.04233,0.008368,0.3458365,0.267711,0.1415056,0.229295,0.20384,0.333344,0.263531,0.254486,0.217961,0.229785,0.189815,0.200694,0.187324,0.025312,0.049047,0.030346,0.76195717,0.385507,0.084083,0.125917,0.087369,0.081385,0.093642,0.080368,0.070333,0.066803,0.06269,0.068437,0.070531,0.04204611,0.675,0.05407278,0.648,0.0,0.21958223,0.08666389,0.25110286
0.052948,0.094717,0.082617,0.8224152,0.45534524,0.62297785,0.3582395,0.49932915,0.367767,0.5915631,0.47568,0.7502256,0.70794797,0.44003302,0.5322675,0.4309675,0.03783,0.103103,0.032109,0.44197235,0.5183152,0.403324,0.3800939,0.41796714,0.40790856,0.565535,0.597794,0.56493,0.536726,0.579138,0.636444,0.578435,0.019398,0.048198,0.009507,0.30987716,0.29637566,0.3970524,0.3087457,0.373664,0.341879,0.307337,0.296763,0.289989,0.273351,0.356211,0.395566,0.29609,0.027473,0.068262,0.030314,0.7932312,0.603029,0.189552,0.192013,0.124183,0.186815,0.178452,0.142168,0.166564,0.151876,0.176953,0.258374,0.182146,0.113727786,0.725,0.17693833,0.696,0.0,0.3234078,0.07587889,0.37378544
0.038503,0.118093,0.095043,0.7273539,0.31622043,0.50904125,0.5408903,0.4383857,0.59112835,0.66164565,0.63548964,0.77119124,0.787728,0.6030855,0.7205537,0.35698187,0.037813,0.176348,0.039548,0.51822656,0.5119196,0.662759,0.5516511,0.54714286,0.4895393,0.701846,0.546925,0.53978,0.510679,0.488979,0.499973,0.523304,0.01846,0.053649,0.007915,0.1629295,0.18237768,0.20459521,0.36920714,0.272111,0.291314,0.340332,0.20974,0.197656,0.179063,0.171857,0.161142,0.17642,0.023942,0.072356,0.028761,0.6378192,0.2206,0.250757,0.187303,0.152543,0.118528,0.124362,0.09071,0.085431,0.071144,0.091806,0.090821,0.121756,0.058315556,0.53333336,0.0061127776,0.768,1.0,0.10538278,0.0031366667,0.061366286
0.100513,0.233508,0.087929,0.6245901,0.24754958,0.42608443,0.41824576,0.28581056,0.519072,0.61164623,0.51200366,0.49499065,0.7374025,0.56555605,0.5610706,0.28727624,0.061345,0.135549,0.034535,0.39076284,0.59876,0.4914075,0.43241003,0.4970036,0.44372073,0.558209,0.533762,0.527478,0.536648,0.484527,0.451088,0.485007,0.032044,0.061664,0.008445,0.24046978,0.330123,0.2884432,0.39367357,0.409195,0.459002,0.347328,0.385364,0.424001,0.307751,0.328511,0.219547,0.251922,0.028667,0.070105,0.029645,0.614545,0.564644,0.292106,0.202881,0.145848,0.136138,0.104274,0.104328,0.129225,0.106428,0.085174,0.073724,0.097173,0.022968333,0.45,0.012412778,0.648,1.0,0.10292611,0.08416167,0.11898514
0.113798,0.332692,0.098167,0.7191412,0.1825326,0.6851241,0.5084815,0.6113046,0.398736,0.438645,0.5029233,0.68665993,0.45871451,0.49790102,0.6085175,0.31298748,0.096591,0.267321,0.040963,0.595053,0.6557628,0.5742465,0.65454507,0.7058593,0.52771,0.797514,0.646887,0.593498,0.627878,0.558645,0.567737,0.5093,0.032477,0.053484,0.007167,0.17563249,0.198672,0.1695808,0.3155907,0.418152,0.214152,0.25165,0.199632,0.166787,0.196635,0.151471,0.138279,0.129231,0.032655,0.049485,0.028858,0.62473613,0.43915,0.234743,0.240613,0.281767,0.125473,0.163408,0.131565,0.112244,0.117216,0.089465,0.099346,0.087826,0.37718445,0.85,0.0,0.816,0.0,0.0242,0.451495,0.26189741
0.101287,0.23254,0.078028,0.6418609,0.3149015,0.4410233,0.3788025,0.35188827,0.37002197,0.55262125,0.46611533,0.56751937,0.68422854,0.5493745,0.5698569,0.22310063,0.032926,0.086434,0.028615,0.21566033,0.2681216,0.3436655,0.29323277,0.38141856,0.33077216,0.439957,0.430493,0.453511,0.44382,0.419248,0.422632,0.390131,0.025694,0.052068,0.008175,0.13584,0.157888,0.2271084,0.2636386,0.443226,0.234301,0.242478,0.286299,0.309325,0.364361,0.330995,0.251808,0.203619,0.023078,0.0443,0.030576,0.62608904,0.287929,0.188709,0.203499,0.118918,0.110766,0.090871,0.084716,0.087775,0.088712,0.061517,0.079053,0.085652,0.15062334,0.8,0.021697223,0.768,0.0,0.1611989,0.36728778,0.3381317
0.04044,0.068932,0.074604,0.8271722,0.8935334,0.6082341,0.151888,0.49780717,0.50078535,0.6902912,0.551408,0.59508437,0.677045,0.38409853,0.34903812,0.24621874,0.020002,0.038764,0.02943,0.33771202,0.517448,0.3491865,0.36030003,0.38958785,0.34198216,0.508459,0.430984,0.450371,0.41552,0.418142,0.372581,0.366974,0.02106,0.040088,0.008407,0.31757626,0.502122,0.3624352,0.6389586,0.550421,0.394311,0.468795,0.350065,0.320118,0.282375,0.311061,0.264811,0.257815,0.034468,0.062666,0.030323,0.84954834,1.046212,0.379902,0.311999,0.21169,0.153357,0.195695,0.144828,0.138253,0.121798,0.118716,0.086932,0.092634,0.009918333,0.6166667,0.009742778,0.592,0.0,0.035401665,0.055706114,0.066556
0.124974,0.2469,0.076837,0.646835,0.3124239,0.38083258,0.3073495,0.37936515,0.353295,0.48800623,0.44456032,0.5343231,0.63852704,0.50077903,0.6444925,0.4645512,0.034234,0.085295,0.027563,0.20256375,0.3316624,0.3568925,0.5216122,0.45928574,0.39381573,0.533426,0.496477,0.515967,0.490537,0.437645,0.419318,0.451556,0.013998,0.050869,0.009946,0.109288,0.125908,0.2691452,0.35614145,0.312255,0.233963,0.235021,0.212694,0.251231,0.226177,0.226821,0.198333,0.227887,0.023637,0.059077,0.031105,0.74029666,0.449596,0.247498,0.296315,0.161113,0.1204,0.112499,0.089459,0.100908,0.098797,0.071327,0.066891,0.092731,0.043361112,0.7,0.067115,0.672,0.0,0.23277445,0.08379723,0.3402557
0.042481,0.199281,0.093447,0.80305153,0.48536742,0.521264,0.4387175,0.7130092,0.413303,0.81852746,0.48698166,0.5684787,0.74006104,0.5952025,0.6133625,0.5137225,0.049939,0.281616,0.044727,0.5599615,0.5511244,0.6328855,0.54787666,0.507825,0.50493145,0.710147,0.688825,0.699573,0.577976,0.533882,0.501818,0.495368,0.020749,0.106318,0.009108,0.28516835,0.21880966,0.3710768,0.4070829,0.378919,0.530714,0.317807,0.308447,0.324934,0.263444,0.359477,0.274257,0.233287,0.032678,0.11948,0.028707,0.68751854,0.461304,0.280751,0.246108,0.142805,0.183657,0.124399,0.155513,0.167114,0.113774,0.112815,0.129145,0.12233,0.023895556,0.55,0.114756666,0.528,0.0,0.05713278,0.13440779,0.10028829
0.069728,0.158571,0.087806,0.68799585,0.47284874,0.109184705,0.736503,0.29468998,0.66590667,0.5721231,0.43051335,0.9015625,0.676288,0.7887385,0.4685625,0.46572748,0.037149,0.07591,0.033719,0.37512234,0.5307576,0.445986,0.45181778,0.48564643,0.5030029,0.609424,0.568694,0.602412,0.55223,0.540709,0.514078,0.459413,0.026244,0.061987,0.006786,0.2741335,0.38617167,0.2512736,0.459705,0.529499,0.503881,0.285764,0.395251,0.420837,0.400316,0.423372,0.227569,0.22069,0.025058,0.053888,0.02968,0.65779716,0.388526,0.228898,0.209064,0.177628,0.16043,0.134628,0.098055,0.11871,0.108447,0.092261,0.103391,0.080164,0.014181112,0.55,0.12513722,0.528,0.0,0.042704444,0.19427668,0.12284743
0.047962,0.089159,0.076534,0.6686285,0.63323635,0.42853197,0.31986576,0.43618628,0.41959766,0.40107563,0.49026534,0.5828981,0.6013575,0.4831925,0.4009325,0.55040246,0.018446,0.052348,0.030617,0.2149145,0.46085757,0.4185725,0.38476336,0.39471784,0.41784003,0.572958,0.51775,0.489603,0.479521,0.477821,0.493843,0.45793,0.019833,0.045968,0.007867,0.20146629,0.291447,0.2679668,0.369475,0.403686,0.481699,0.39403,0.3686,0.292312,0.237718,0.357099,0.333352,0.330557,0.026372,0.056534,0.030112,0.6425475,0.551596,0.354315,0.259223,0.153607,0.151714,0.16407,0.153103,0.093276,0.102143,0.130953,0.111789,0.131634,0.03830333,0.65833336,0.0,0.632,0.0,0.19391,0.18959612,0.21742713
0.05188,0.293084,0.096427,0.76138604,0.25686783,0.57839286,0.47530174,0.59574455,0.42985466,0.9241162,0.55840635,0.7078194,0.83069503,0.534518,0.8282281,0.4070175,0.065979,0.352943,0.045344,0.6751802,0.4975148,0.649002,0.57414776,0.5906786,0.4599093,0.658648,0.524726,0.51322,0.528362,0.468399,0.539133,0.468851,0.023269,0.082975,0.00761,0.171139,0.159794,0.2391444,0.41547358,0.257527,0.299781,0.19977,0.222046,0.234661,0.320031,0.153517,0.211163,0.174085,0.042904,0.065797,0.028391,0.66101664,0.269593,0.223224,0.247684,0.131262,0.170947,0.12985,0.090048,0.127489,0.191102,0.074197,0.156659,0.087639,0.35293946,0.60833335,0.25060502,0.584,0.0,0.50951946,0.08024944,0.4473097
0.028436,0.096746,0.077945,0.8428833,0.47528002,0.84216815,0.42653626,0.68845516,0.36372337,0.38378435,0.40113366,0.5888381,0.6908915,0.5471935,0.60082376,0.5164781,0.019001,0.154616,0.029727,0.42841616,0.4776528,0.516431,0.31692502,0.40223,0.32529715,0.459495,0.479267,0.391717,0.39412,0.422575,0.413088,0.423066,0.017879,0.091915,0.007711,0.2670473,0.234966,0.22238842,0.22652501,0.34095,0.229335,0.245822,0.241932,0.150291,0.127279,0.153997,0.186965,0.228121,0.026624,0.146208,0.030184,0.73605204,0.365383,0.243952,0.106632,0.135326,0.080738,0.070891,0.092705,0.058662,0.07993,0.110914,0.08666,0.088999,0.046899445,0.6333333,0.28618556,0.608,0.0,0.2355139,0.0,0.3427857
0.084954,0.483612,0.09869,0.723449,0.1075555,0.49435157,0.144,0.59422916,0.49073198,0.8749637,0.60956335,0.7529563,0.7929855,0.6982155,0.6879787,0.43675375,0.120199,0.404979,0.043777,0.44839874,0.40370202,0.38075,0.31959724,0.35168856,0.30507144,0.420816,0.380656,0.393278,0.368289,0.377524,0.393851,0.356421,0.014558,0.052022,0.007492,0.103441425,0.16623001,0.0915888,0.10428358,0.068828,0.073824,0.093061,0.071556,0.066722,0.072453,0.067788,0.070359,0.060751,0.016326,0.027988,0.027643,0.69613844,0.35173,0.140692,0.05266,0.071618,0.048763,0.05913,0.049382,0.052778,0.041937,0.038786,0.041955,0.046113,0.53027505,0.55,0.7072372,0.528,0.0,0.6459078,0.7600956,0.72712517
0.061659,0.180256,0.087022,0.7409483,0.35446617,0.58535045,0.48180774,0.45891914,0.30815998,0.7085393,0.35520267,0.75908124,0.572225,0.4978235,0.49989063,0.42019188,0.058036,0.234827,0.040081,0.47501516,0.5171176,0.4660145,0.5365528,0.52439713,0.4470636,0.555401,0.585688,0.496962,0.491351,0.44611,0.434422,0.428434,0.034307,0.080151,0.007703,0.2740788,0.21898633,0.216874,0.46681502,0.404674,0.396628,0.273693,0.313883,0.325569,0.422726,0.324582,0.191618,0.199175,0.032538,0.059021,0.028805,0.60674113,0.274154,0.278496,0.363183,0.253099,0.135935,0.099844,0.123226,0.099773,0.092866,0.074927,0.082035,0.061632,0.15503944,0.5083333,0.007988889,0.488,0.0,0.310545,0.044324446,0.2507117
0.08745,0.251114,0.095398,0.67657983,0.17868517,0.7814237,0.43772525,0.76207596,0.47194168,0.9511825,0.618976,0.6926624,0.7143625,0.737881,0.37652,0.25184563,0.08,0.263971,0.043785,0.41625202,0.7300452,0.7011825,0.36718503,0.46353072,0.37221998,0.711499,0.458105,0.41684,0.407394,0.482713,0.759374,0.468661,0.019502,0.048051,0.008345,0.089923,0.12095333,0.25023,0.15123142,0.233416,0.214012,0.230809,0.203876,0.135621,0.096981,0.089936,0.134294,0.0671,0.020965,0.033186,0.028513,0.70300436,0.163605,0.173113,0.061927,0.092458,0.055238,0.065124,0.055496,0.056887,0.048366,0.04625,0.072605,0.050209,0.068165556,0.56666666,0.061981667,0.544,0.0,0.103987224,0.069979444,0.13725285
0.07352,0.124505,0.081095,0.80176055,0.5491112,0.34924826,0.3732745,0.25453144,0.426241,0.50564563,0.5480717,0.31447563,0.461414,0.4340955,0.6075531,0.4530406,0.023879,0.04982,0.0295,0.30458683,0.48358202,0.330941,0.37743777,0.41906285,0.45790002,0.674389,0.673152,0.691358,0.699591,0.757566,0.739254,0.601699,0.023091,0.047666,0.00815,0.41132456,0.44363233,0.21733601,0.4982807,0.458331,0.474542,0.713499,0.477193,0.484176,0.536436,0.573698,0.468518,0.491985,0.024275,0.048207,0.030391,0.6974649,0.49641,0.139883,0.176788,0.130379,0.207608,0.202503,0.203834,0.229326,0.166682,0.254056,0.200041,0.159516,0.022413334,0.56666666,0.022604445,0.544,0.0,0.10786389,0.111703895,0.19069771
0.035917,0.049706,0.078401,0.75410056,0.68579245,0.616664,0.65831226,0.55378485,0.45706734,0.37898812,0.6442583,0.7761125,0.745755,0.357284,0.2576725,0.35771686,0.014533,0.03276,0.034361,0.33517516,0.4010128,0.37568,0.5255595,0.46617785,0.42844573,0.599342,0.566787,0.552232,0.601814,0.56539,0.45802,0.454876,0.017993,0.035343,0.007771,0.32889608,0.27815366,0.2735112,0.88839364,0.580594,0.36329,0.475049,0.444085,0.588833,0.410536,0.489416,0.354111,0.35361,0.027899,0.059497,0.029602,0.7666955,0.50675,0.272045,0.439025,0.23696,0.144219,0.148071,0.161159,0.180764,0.201514,0.142738,0.098067,0.113247,0.016584445,0.725,0.015147778,0.696,0.0,0.16763444,0.09993556,0.18045858
0.066195,0.249215,0.095474,0.691613,0.33701727,0.54982054,0.47844476,0.5297194,0.36862302,1.1705575,0.43104997,0.7186344,0.6005185,0.4785965,0.7119162,0.43897498,0.061662,0.269201,0.041896,0.56041825,0.75022477,0.827042,0.6931534,0.69919145,0.5212543,0.779347,0.729334,0.561947,0.555029,0.524957,0.540929,0.48829,0.022622,0.086512,0.008202,0.15016092,0.21163468,0.2309732,0.35547715,0.421028,0.242432,0.245582,0.282903,0.15944,0.244692,0.203093,0.190969,0.162963,0.030677,0.080235,0.029131,0.58522063,0.355436,0.36741,0.27393,0.176317,0.142471,0.133551,0.145434,0.106442,0.088716,0.106131,0.113059,0.081495,0.034487776,0.475,0.021317778,0.684,1.0,0.11754167,0.01676889,0.11043257
0.081374,0.272747,0.085733,0.62584436,0.2652636,0.39740786,0.0407595,0.46292883,0.31950465,0.33839124,0.43609568,0.64884496,0.6974355,0.667166,0.57218057,0.6009425,0.066288,0.26237,0.034438,0.29007283,0.6386128,0.4719015,0.44691336,0.36516356,0.35619286,0.523039,0.480916,0.488657,0.483166,0.445187,0.415994,0.405593,0.013621,0.073041,0.010094,0.08885579,0.27659667,0.1011888,0.24845073,0.205087,0.168601,0.178009,0.14408,0.178703,0.146937,0.12558,0.128202,0.107007,0.020028,0.06694,0.029483,0.66058904,0.38236,0.168389,0.117525,0.098341,0.087046,0.057991,0.059393,0.059457,0.053439,0.067684,0.070075,0.041565,0.16390613,0.5833333,0.15353666,0.56,0.0,0.19085944,0.15353666,0.20312116
0.048008,0.088338,0.078232,0.72291297,0.60769206,0.40117484,0.4513575,0.34276745,0.45810834,0.34185064,0.47486332,0.3830937,0.6440065,0.54036903,0.5025369,0.332675,0.017553,0.037092,0.029291,0.32834235,0.43166918,0.2579955,0.27677667,0.3288657,0.32416856,0.444538,0.46477,0.449173,0.436166,0.426975,0.411995,0.402309,0.01509,0.030373,0.008775,0.23141871,0.162326,0.16493359,0.28696573,0.214623,0.254115,0.181657,0.322496,0.189328,0.216076,0.222918,0.19721,0.169495,0.026811,0.053968,0.030028,0.7085383,0.476738,0.123516,0.106638,0.087091,0.065764,0.071838,0.075178,0.075127,0.06656,0.074153,0.057578,0.051321,0.058439445,0.53333336,0.0,0.768,1.0,0.18825556,0.123896666,0.21444258
0.072026,0.191563,0.094844,0.69193006,0.42763376,0.6016749,0.4696485,0.43399027,0.43882036,0.7984288,0.46494135,0.5049731,0.478871,0.3944525,0.5145375,0.42388064,0.086034,0.265663,0.039511,0.48502967,0.8273552,0.566371,0.5916045,0.6725479,0.50476575,0.719599,0.741495,0.675539,0.700581,0.671143,0.609871,0.538296,0.033104,0.069682,0.009719,0.22910564,0.29737833,0.2116644,0.30497357,0.37675,0.276831,0.336539,0.264039,0.297414,0.413503,0.450691,0.217141,0.213195,0.052806,0.070241,0.029315,0.61587167,0.520177,0.275734,0.242668,0.223577,0.1198,0.104303,0.103021,0.093423,0.134796,0.136708,0.092251,0.074716,0.051745,0.7583333,0.03818167,0.728,0.0,0.10340667,0.1865339,0.21421257
0.02808,0.038286,0.07818,0.8230128,0.6677039,0.775145,0.8225827,0.42239517,0.64364964,0.7327206,0.6356497,0.602395,0.7087805,0.28053603,0.61788315,0.5148218,0.014124,0.030879,0.03242,0.31384033,0.4594512,0.351759,0.3966911,0.43119645,0.4189407,0.525329,0.468578,0.455864,0.452901,0.41163,0.468795,0.462249,0.013585,0.027807,0.007398,0.32686648,0.44945702,0.22753242,0.56274426,0.690153,0.665686,0.596411,0.411487,0.422235,0.406581,0.351172,0.358877,0.434458,0.032524,0.062182,0.029978,0.8115521,0.552488,0.279952,0.297304,0.248345,0.206274,0.185454,0.145186,0.138545,0.146715,0.107516,0.156461,0.151503,0.0147750005,0.8,0.0,0.768,0.0,0.03583389,0.07958723,0.059359428
0.070301,0.151323,0.084619,0.76317805,0.49715424,0.480735,0.572409,0.40200227,0.422124,0.5675688,0.54255134,0.5950469,0.48524252,0.407462,0.3328556,0.18051687,0.023552,0.06017,0.028975,0.22204025,0.3094696,0.295369,0.31544444,0.37903714,0.3514257,0.532463,0.547983,0.557063,0.559458,0.590155,0.54487,0.546994,0.030154,0.080801,0.007473,0.33780116,0.47671297,0.2621612,0.3196793,0.344128,0.367892,0.471123,0.450238,0.497182,0.457058,0.37057,0.417738,0.524355,0.024823,0.048981,0.030029,0.76165885,0.344828,0.167498,0.148872,0.079713,0.076138,0.094619,0.125741,0.169032,0.184821,0.18894,0.156877,0.169282,0.018761111,0.73333335,0.0,0.704,0.0,0.071990006,0.19536333,0.16302572
0.161218,0.46782,0.096983,0.71298045,0.098029085,0.69596344,0.2743365,0.46887398,0.29093233,0.9319062,0.46616566,0.70011,0.720192,0.485748,0.7947625,0.36096624,0.119855,0.267804,0.04078,0.6130472,0.65240324,0.690098,0.6475701,0.6991336,0.6643893,0.784487,0.774253,0.633667,0.631864,0.557194,0.554867,0.52775,0.053851,0.078614,0.007275,0.26390514,0.262054,0.2705308,0.37920073,0.417822,0.393668,0.320128,0.176676,0.233029,0.233907,0.14694,0.164319,0.176207,0.036098,0.049404,0.029032,0.6048923,0.491076,0.303654,0.239815,0.251637,0.17229,0.146805,0.160397,0.115809,0.113976,0.10368,0.080572,0.080849,0.25931445,0.55,0.14250833,0.528,0.0,0.41789445,0.32021222,0.42204028
0.086016,0.141845,0.081554,0.8114109,0.559521,0.23730056,0.331562,0.3828663,0.596888,0.5232556,0.38558933,0.57443875,0.808625,0.542837,0.5287894,0.32169876,0.022179,0.038998,0.028579,0.238941,0.324274,0.2791865,0.30067167,0.37070787,0.35803643,0.53411,0.545498,0.533277,0.585684,0.558327,0.485108,0.47904,0.02039,0.043301,0.007069,0.29986143,0.35110435,0.2261816,0.23330356,0.376763,0.296478,0.452321,0.544807,0.462792,0.591347,0.492312,0.294102,0.221046,0.025804,0.056483,0.030561,0.7627542,0.416245,0.191602,0.120845,0.091566,0.072228,0.107603,0.125139,0.122413,0.160682,0.134102,0.093242,0.091036,0.050176114,0.65833336,0.10927222,0.632,0.0,0.23892167,0.057087224,0.364752
0.029883,0.050675,0.083762,0.8823414,0.72467226,0.58843243,0.59230477,0.5941831,0.5503207,0.8856387,0.51761967,0.91349,0.87605953,0.544269,0.46913064,0.35930127,0.02027,0.056056,0.04399,0.50131357,0.71181595,0.4954615,0.39249,0.41576502,0.3729243,0.579589,0.533652,0.549431,0.500044,0.424897,0.406528,0.408089,0.020809,0.051141,0.009769,0.5647343,0.43026268,0.4362608,0.4041443,0.321057,0.340201,0.427201,0.468477,0.348401,0.520087,0.22297,0.247094,0.261683,0.034788,0.08717,0.028797,0.7117305,0.490962,0.258736,0.280633,0.177232,0.194098,0.173345,0.167016,0.199623,0.202903,0.106377,0.116712,0.121432,0.008901112,0.81666666,0.0,0.784,0.0,0.020845002,0.078827225,0.062061716
0.060739,0.1293,0.087986,0.7496945,0.42186192,0.51143247,0.43275774,0.6815168,0.5561957,0.59698564,0.5130327,0.5258287,0.6588375,0.5108375,0.41835937,0.34522998,0.048262,0.147242,0.038283,0.49271035,0.5440252,0.5740385,0.60233504,0.649675,0.5488064,0.634873,0.617377,0.611695,0.561118,0.535177,0.548692,0.489496,0.021591,0.056081,0.008054,0.23131008,0.29251,0.37596482,0.42428213,0.581137,0.478538,0.384212,0.260214,0.292438,0.273381,0.283543,0.291431,0.34146,0.032443,0.088873,0.028943,0.74318033,0.362707,0.330052,0.287921,0.286853,0.19345,0.173173,0.138246,0.129087,0.109466,0.117652,0.108764,0.118507,0.09476778,0.56666666,0.17716445,0.544,0.0,0.13529833,0.2446,0.23918085
0.082983,0.30054,0.085602,0.71372414,0.26211676,0.5305906,0.28090474,0.5321523,0.43550196,0.56131,0.43170667,0.5098087,0.79110503,0.57086504,0.67825687,0.21929188,0.082135,0.303433,0.033937,0.33372822,0.5075076,0.401383,0.3261089,0.37797716,0.36042213,0.491653,0.500285,0.456431,0.459529,0.47544,0.509359,0.485804,0.024466,0.079459,0.006586,0.20504592,0.11771033,0.1379256,0.13663143,0.204201,0.241819,0.183717,0.186684,0.135467,0.180765,0.305718,0.36131,0.30325,0.027099,0.043483,0.029805,0.62467635,0.215116,0.127531,0.100803,0.08498,0.077117,0.084654,0.073212,0.074158,0.076209,0.072488,0.081253,0.092276,0.28248447,0.55,0.399645,0.528,0.0,0.4011639,0.399645,0.43075344
0.092565,0.31292,0.085962,0.6907721,0.219998,0.65205544,0.394164,0.35858372,0.485294,0.6797225,0.47447833,0.63781184,0.60325503,0.5772755,0.5102062,0.32611814,0.084952,0.281762,0.032662,0.45820633,0.60209715,0.495084,0.59916556,0.6830643,0.44638073,0.591018,0.647529,0.531299,0.585403,0.546337,0.511499,0.511172,0.026462,0.067844,0.007887,0.16870664,0.19316266,0.2506732,0.29396716,0.407856,0.199635,0.265587,0.211859,0.235174,0.220972,0.192332,0.176956,0.175724,0.035017,0.077664,0.029688,0.61901516,0.406592,0.252498,0.246138,0.186199,0.120267,0.102217,0.119625,0.090132,0.085782,0.105026,0.095775,0.083248,0.17367555,0.53333336,0.019198889,0.768,1.0,0.26756778,0.14597501,0.237782
0.047676,0.117463,0.074581,0.975105,0.692532,0.40031072,0.51166177,0.71121854,0.59479266,0.56763625,0.59084666,0.9902425,0.786631,0.41240302,0.64858747,0.4153456,0.015916,0.055107,0.028271,0.27713266,0.3395636,0.2628845,0.27563944,0.34563503,0.32638645,0.446666,0.461113,0.455344,0.412647,0.448634,0.406489,0.428396,0.026047,0.094375,0.007759,0.7835583,0.42824566,0.2914488,0.23791216,0.492375,0.278905,0.790284,0.346603,0.624574,0.280985,0.421318,0.211982,0.307468,0.026755,0.115194,0.030085,0.91716117,0.553285,0.150968,0.135167,0.17792,0.089391,0.092717,0.134184,0.119945,0.06533,0.110074,0.085737,0.083473,0.03411611,0.7,0.0,0.672,0.0,0.12549111,0.10452278,0.19483086
0.062633,0.107941,0.074022,0.7394052,0.5794411,0.41175443,0.439827,0.3651726,0.469479,0.34532875,0.35528234,0.4104731,0.4686965,0.46748602,0.55604064,0.4247844,0.014951,0.036552,0.026885,0.1876855,0.2486492,0.2721105,0.2816167,0.3541393,0.34015,0.472698,0.480412,0.467489,0.466237,0.45939,0.464979,0.439847,0.019329,0.03552,0.007902,0.29623786,0.25118765,0.30956,0.24813786,0.362311,0.269594,0.273962,0.425951,0.276179,0.36248,0.268807,0.360614,0.23912,0.024747,0.050246,0.030502,0.87138337,0.368234,0.165641,0.12192,0.089336,0.096847,0.086306,0.1039,0.11217,0.155412,0.074153,0.110588,0.064849,0.032071114,0.675,0.0,0.648,0.0,0.21450222,0.12695333,0.19968458
0.044887,0.086622,0.084016,0.7063162,0.57570606,0.454814,0.666441,0.493014,0.672941,0.38750938,0.534802,0.21585937,0.4452975,0.5771835,0.49662626,0.339225,0.023884,0.069684,0.035777,0.38986456,0.6738208,0.4751775,0.4229239,0.48549142,0.375755,0.566626,0.522318,0.49324,0.525552,0.476931,0.44044,0.404063,0.020501,0.048204,0.006496,0.31387934,0.31688866,0.1649736,0.32675,0.546218,0.32655,0.323946,0.269039,0.342581,0.339015,0.303766,0.200171,0.183012,0.029667,0.06533,0.029815,0.643146,0.403033,0.27511,0.249442,0.224546,0.114142,0.160316,0.108259,0.123435,0.120503,0.114951,0.098225,0.092125,0.057596114,0.7583333,0.0,0.728,0.0,0.06702111,0.19908778,0.16074629
0.023817,0.042539,0.076685,0.7471678,0.49073717,0.61148655,0.4088305,0.56499285,0.51943463,1.0064775,0.6093077,0.5695106,0.63534,0.587654,0.5168975,0.1940875,0.014961,0.048589,0.03031,0.26709566,0.416964,0.3199465,0.35864,0.43143287,0.39906213,0.414253,0.505004,0.449603,0.427658,0.415802,0.421947,0.43397,0.02259,0.046748,0.007423,0.348984,0.28774467,0.1915452,0.41592002,0.398508,0.316561,0.234897,0.487217,0.245079,0.391721,0.353619,0.250021,0.297281,0.033044,0.073315,0.030071,0.7796285,0.489405,0.20498,0.263984,0.192031,0.143554,0.071421,0.176419,0.08725,0.091521,0.067472,0.067944,0.092991,0.019578889,0.8333333,0.0,0.8,0.0,0.12342723,0.23406167,0.22428657
0.056806,0.23133,0.09402,0.69769835,0.20481442,0.5413814,0.393119,0.41054,0.51032037,0.6406231,0.5612313,0.62274003,0.69521654,0.526934,0.7665394,0.43806374,0.051474,0.266985,0.03787,0.448604,0.6107484,0.5685385,0.53449005,0.59779143,0.47678575,0.679447,0.628544,0.576449,0.522193,0.499176,0.535437,0.466453,0.027796,0.07299,0.006018,0.13384137,0.25195232,0.19347641,0.2793693,0.349679,0.211916,0.184934,0.160421,0.229969,0.141584,0.149887,0.194345,0.133337,0.032359,0.074509,0.028712,0.7164354,0.498685,0.233287,0.14928,0.142201,0.094156,0.109718,0.115869,0.099862,0.075045,0.071913,0.095809,0.060521,0.099566676,0.46666667,0.14935778,0.448,0.0,0.27557224,0.19472,0.25310457
0.061903,0.121791,0.0773,0.81929773,0.6089264,0.32856557,0.46262574,0.30667314,0.42088833,0.42344314,0.55508,0.5759506,0.4877805,0.4569465,0.50521314,0.44384497,0.019801,0.050361,0.028607,0.2707431,0.3898336,0.310198,0.2871489,0.34632215,0.34277073,0.47091,0.490437,0.541677,0.546967,0.48805,0.462708,0.486836,0.020379,0.046215,0.007659,0.6024579,0.5180233,0.2781288,0.37503213,0.339689,0.351838,0.352101,0.47789,0.456091,0.494511,0.3397,0.254079,0.276394,0.026663,0.058797,0.030409,0.7201655,0.439101,0.253109,0.119789,0.102912,0.103792,0.098975,0.138567,0.188692,0.178334,0.126848,0.126146,0.144367,0.027205002,0.55833334,0.05580889,0.536,0.0,0.13388833,0.07657889,0.14836572
0.030032,0.090982,0.092056,0.70494795,0.34527516,0.52406,0.43980074,0.6445249,0.5749393,0.82457376,0.7000744,0.5498931,0.6944155,0.6293265,0.797055,0.34361437,0.017293,0.122017,0.037086,0.33454657,0.43221202,0.532966,0.41263002,0.48553357,0.42652643,0.624712,0.537798,0.540273,0.545823,0.552793,0.482402,0.507311,0.024735,0.079958,0.008536,0.2335252,0.26630467,0.3003032,0.25715643,0.383739,0.271742,0.386226,0.471542,0.234784,0.273643,0.557735,0.449563,0.381885,0.028715,0.105015,0.029186,0.656994,0.28595,0.277345,0.14562,0.084546,0.098207,0.090184,0.116553,0.11118,0.154012,0.137385,0.102253,0.073783,0.016087223,0.94166666,0.0,0.904,0.0,0.025107224,0.076916665,0.104337715
0.087632,0.210806,0.078413,0.6663059,0.26306102,0.6096007,0.4591515,0.5767543,0.47217932,0.55167437,0.461917,0.48783,0.5696075,0.4399445,0.46292752,0.40597937,0.038102,0.117651,0.029319,0.30621532,0.42881522,0.3480755,0.27814332,0.31431285,0.31641215,0.479009,0.476633,0.45961,0.494834,0.446132,0.532591,0.522983,0.027455,0.069261,0.008327,0.20194979,0.24724168,0.1497264,0.15577714,0.150644,0.162456,0.258158,0.200672,0.192003,0.284307,0.212693,0.370725,0.314543,0.024899,0.044049,0.030122,0.6002715,0.300663,0.109984,0.148001,0.076545,0.084769,0.096074,0.074685,0.06663,0.155042,0.082476,0.170694,0.200977,0.073578335,0.94166666,0.0,0.904,0.0,0.11860723,0.20037444,0.1688677
0.037945,0.058183,0.077725,0.8341378,0.6543053,0.8275073,0.646007,0.6192946,0.499007,0.49099374,0.34494802,0.58921874,0.4926685,0.47983253,0.69961435,0.37748563,0.023552,0.051747,0.029839,0.32628915,0.46394,0.476591,0.47036555,0.40786502,0.41209927,0.52301,0.467465,0.536091,0.459113,0.432231,0.43223,0.468453,0.02352,0.047981,0.007611,0.34707627,0.49198234,0.38191,0.91530293,0.580989,0.532376,0.483668,0.356466,0.606295,0.369067,0.309337,0.393458,0.387405,0.046167,0.089288,0.030119,0.7848692,0.832003,0.555807,0.436295,0.213275,0.20351,0.165513,0.157173,0.233462,0.128358,0.138926,0.108792,0.168606,0.016060555,0.6166667,0.0018911113,0.592,0.0,0.09967278,0.047702223,0.08048828
0.039532,0.145493,0.08218,0.80367845,0.45219123,0.5921971,0.43804526,0.5689803,0.44161466,0.79199564,0.54355234,0.6852868,0.721136,0.6225245,0.60739374,0.45688185,0.042467,0.232493,0.031202,0.34864494,0.5386144,0.464622,0.44259724,0.4151357,0.40891573,0.557119,0.544961,0.565989,0.497798,0.555119,0.495939,0.468853,0.023945,0.070993,0.006835,0.2751474,0.264049,0.261544,0.39792216,0.367957,0.362576,0.321344,0.308282,0.355396,0.29378,0.341904,0.314107,0.231434,0.044716,0.102706,0.0298,0.7398328,0.465997,0.257443,0.227221,0.129481,0.123646,0.157008,0.098096,0.133163,0.088196,0.145404,0.117902,0.130575,0.18142168,0.675,0.14319834,0.648,0.0,0.40800226,0.09350667,0.40713027
0.115831,0.272616,0.085057,0.6262793,0.1722896,0.37194642,0.4734315,0.49301428,0.47274867,0.4424025,0.424329,0.49615815,0.752491,0.61484003,0.7104313,0.57875,0.058338,0.129392,0.031067,0.331938,0.38652238,0.440148,0.47094002,0.4697243,0.45784643,0.550943,0.513707,0.491029,0.470277,0.457627,0.463569,0.493633,0.027801,0.047993,0.007479,0.21990915,0.18406034,0.1993024,0.37948146,0.520564,0.349883,0.346337,0.212126,0.231661,0.299537,0.233255,0.306774,0.276647,0.028499,0.057681,0.030446,0.579405,0.209603,0.188533,0.205625,0.136263,0.129435,0.11599,0.088293,0.088381,0.093362,0.07942,0.075566,0.101644,0.46096224,0.575,0.59847224,0.552,0.0,0.46096224,0.6024256,0.55649656
0.095814,0.263647,0.100987,0.6912291,0.33458248,0.7389077,0.24384,0.43219972,0.464676,0.8219881,0.450899,0.5549431,0.7196585,0.733891,0.4056044,0.12108751,0.083836,0.257248,0.043123,0.47205865,0.7358592,0.553651,0.59938836,0.70096284,0.55201143,0.708669,0.741921,0.639912,0.797841,0.633604,0.572918,0.556736,0.024486,0.06006,0.007637,0.12481979,0.18163766,0.20453961,0.36061573,0.632898,0.568053,0.405648,0.404473,0.44676,0.396324,0.34694,0.316327,0.191489,0.031998,0.054035,0.027972,0.6324832,0.344798,0.213183,0.184395,0.231321,0.179723,0.124271,0.163186,0.11504,0.166675,0.144735,0.117223,0.089629,0.08016222,0.625,0.013732778,0.6,0.0,0.22082889,0.30813834,0.35906914
0.08629,0.235833,0.077016,0.75190634,0.55051285,0.52569854,0.0824575,0.42074543,0.401305,0.7279038,0.6934757,0.66023624,0.8095755,0.642833,0.5439669,0.3298575,0.034481,0.120021,0.028465,0.23255426,0.3602348,0.282014,0.265835,0.34313715,0.33441356,0.444887,0.434967,0.46072,0.421154,0.40091,0.395249,0.370516,0.040432,0.173728,0.010118,0.35394922,0.69280905,0.45924282,0.5606636,0.934044,0.712852,0.309344,0.371273,0.768318,0.619133,0.227312,0.321884,0.270983,0.031921,0.114928,0.030329,0.8658425,0.769,0.234995,0.102084,0.140889,0.078322,0.070208,0.082025,0.13825,0.113974,0.072466,0.068853,0.05609,0.14702666,0.53333336,0.18505111,0.512,0.0,0.26502112,0.42376,0.38045055
0.085351,0.176934,0.075883,0.7937452,0.5590877,0.19502829,0.66015774,0.14662771,0.462674,0.9241469,0.034678,0.7546231,0.741651,0.53659403,0.7233307,0.44107622,0.022087,0.056619,0.027956,0.29467198,0.298186,0.342563,0.32600778,0.41054645,0.34311214,0.478286,0.538977,0.459442,0.43125,0.424028,0.400384,0.434302,0.018498,0.044478,0.006526,0.3978107,0.28177932,0.2324688,0.4329536,0.668511,0.328379,0.663563,0.58054,0.420218,0.464894,0.453907,0.26444,0.286281,0.022984,0.045347,0.030636,0.826307,0.345636,0.239681,0.186909,0.160637,0.090022,0.097843,0.162119,0.070336,0.094212,0.115683,0.070309,0.074379,0.011739445,0.7,0.0,0.672,0.0,0.095918894,0.08217722,0.09410571
0.059919,0.120531,0.07664,0.7726681,0.53340673,0.42428258,0.5559095,0.3045097,0.44421163,0.4638444,0.5291833,0.52606314,0.5515965,0.520513,0.5389775,0.30820122,0.019113,0.053892,0.028974,0.23439915,0.318328,0.2820575,0.27921554,0.35034356,0.34943643,0.449058,0.487988,0.454244,0.476622,0.466401,0.449201,0.427215,0.016013,0.034913,0.007725,0.50739163,0.29674733,0.2411968,0.40661928,0.266799,0.277816,0.186423,0.324714,0.316223,0.337991,0.326448,0.340251,0.254134,0.026149,0.051078,0.030214,0.76442856,0.409988,0.150742,0.117073,0.098302,0.090267,0.064803,0.083519,0.107562,0.090923,0.1032,0.084048,0.081654,0.040348336,0.49166667,0.08292778,0.472,0.0,0.16410722,0.29524055,0.24337685
0.072272,0.243549,0.083263,0.73957545,0.34695077,0.4835283,0.351166,0.38687685,0.38294634,0.76432437,0.55543065,0.6914413,0.7441725,0.76302004,0.5942081,0.46859875,0.064778,0.268223,0.033675,0.399599,0.4974596,0.5719505,0.57175165,0.5863629,0.43579146,0.637708,0.535043,0.546703,0.493119,0.54896,0.481038,0.460094,0.030869,0.091588,0.007544,0.23696908,0.227811,0.2946524,0.45267788,0.473082,0.369644,0.298291,0.195795,0.321887,0.225883,0.265906,0.253374,0.23203,0.043271,0.096312,0.029952,0.695731,0.33967,0.278383,0.236801,0.135959,0.120072,0.139073,0.099495,0.11244,0.092317,0.125206,0.094702,0.081403,0.5802056,0.55,0.7721828,0.528,0.0,0.6523761,0.7721828,0.736126
0.043865,0.350203,0.096672,0.72429156,0.298609,0.7860674,0.47611275,0.64304,0.456013,0.7103062,0.43116534,0.4469481,0.50309,0.454952,0.49471563,0.18457875,0.0508,0.387299,0.040639,0.48188356,0.6751704,0.7095365,0.5873267,0.67944574,0.5214922,0.681925,0.64513,0.591603,0.571617,0.588039,0.506046,0.517391,0.025856,0.126712,0.007805,0.1952875,0.23050366,0.3168444,0.33935642,0.565268,0.265523,0.271629,0.239417,0.171704,0.192442,0.211608,0.177425,0.16586,0.030553,0.072667,0.028808,0.62165886,0.306139,0.297966,0.220843,0.186985,0.137994,0.136503,0.108207,0.129437,0.083212,0.105049,0.081217,0.069327,0.17006446,0.5083333,0.19578612,0.488,0.0,0.3099028,0.20260721,0.3081217
0.058387,0.117035,0.080476,0.8188155,0.59376943,0.315036,0.5000495,0.31309542,0.47715035,0.46452877,0.53748065,0.46570247,0.6644695,0.61971354,0.555985,0.31596687,0.022257,0.057569,0.029285,0.29702267,0.3453716,0.295107,0.3256528,0.39024642,0.36916432,0.517492,0.53659,0.538489,0.554233,0.557651,0.529915,0.487411,0.021986,0.052893,0.007399,0.36653885,0.3621,0.1944764,0.28739858,0.490831,0.362133,0.329161,0.327464,0.412063,0.470779,0.412173,0.355378,0.325519,0.027044,0.086671,0.029974,0.8267417,0.364061,0.164047,0.162022,0.139687,0.096423,0.089923,0.09569,0.142094,0.154312,0.164484,0.162661,0.117468,0.04930778,0.60833335,0.0,0.584,0.0,0.31817612,0.17783557,0.26229885
0.04223,0.162502,0.091323,0.7083647,0.22201793,0.5522924,0.3836765,0.47814602,0.46378335,0.6366375,0.60092133,0.7373094,0.833723,0.8730755,0.6255919,0.33954564,0.035129,0.227921,0.040764,0.45444426,0.4592956,0.6354855,0.5316734,0.4851636,0.47169432,0.593494,0.542989,0.574186,0.537245,0.577688,0.480167,0.480176,0.014959,0.041328,0.005963,0.19987457,0.125395,0.1771332,0.29181358,0.22632,0.289172,0.20737,0.184967,0.1942,0.116807,0.216357,0.11869,0.155256,0.02319,0.055201,0.028634,0.5786395,0.171379,0.242177,0.165807,0.12777,0.115026,0.099238,0.102051,0.092193,0.064745,0.123272,0.067683,0.076489,0.027505556,0.46666667,0.040649448,0.448,0.0,0.13453166,0.060111113,0.10010172
0.123501,0.401454,0.095655,0.72222435,0.13955392,0.7037713,0.43850175,0.47338146,0.22112034,0.72028375,0.44607463,0.73630565,0.7937205,0.49539202,0.7753113,0.38849312,0.108038,0.293053,0.038858,0.5615149,0.5898628,0.69294,0.5938233,0.67358214,0.5852993,0.72173,0.770836,0.680024,0.599194,0.563249,0.565459,0.529494,0.038792,0.07605,0.009327,0.12790643,0.22602235,0.2538156,0.33296,0.449402,0.437496,0.254605,0.253165,0.230265,0.22791,0.185179,0.196945,0.203403,0.035974,0.047379,0.029307,0.71904,0.35431,0.27397,0.226247,0.185899,0.166741,0.127768,0.175295,0.130168,0.110394,0.080028,0.072721,0.0776,0.16680501,0.46666667,0.0,0.448,0.0,0.3312128,0.048385557,0.195222
0.078378,0.19796,0.077258,0.5928644,0.30617884,0.5265991,0.39035276,0.46896315,0.28846267,0.6108006,0.51098233,0.56885874,0.699082,0.543147,0.62718564,0.45249686,0.031614,0.10504,0.028957,0.16807775,0.2590292,0.3510535,0.31505057,0.32553142,0.329905,0.468794,0.443342,0.428984,0.444477,0.374951,0.406827,0.397314,0.022355,0.064647,0.009261,0.09059386,0.194602,0.1444204,0.24319215,0.203462,0.278197,0.194457,0.2013,0.183297,0.128281,0.137776,0.164585,0.127786,0.024285,0.056743,0.030628,0.63992983,0.280173,0.179921,0.145908,0.091791,0.090948,0.085474,0.07053,0.063608,0.081223,0.067117,0.061803,0.075419,0.13921334,0.6166667,0.23036057,0.592,0.0,0.22416556,0.059995558,0.31195346
0.035327,0.072014,0.07545,0.79006493,0.42683542,0.7652263,0.464907,0.51023453,0.58081764,0.65252626,0.44083765,0.302115,0.400997,0.3416425,0.5240343,0.42980498,0.026555,0.099409,0.030095,0.38028392,0.530934,0.3879865,0.28061777,0.33389217,0.3155636,0.410219,0.430509,0.4909,0.448472,0.45514,0.508044,0.445409,0.016818,0.042003,0.00771,0.28058866,0.26123267,0.2897704,0.14850214,0.39326,0.312657,0.202326,0.285943,0.378383,0.328833,0.352112,0.367859,0.255214,0.027989,0.083492,0.030153,0.7761588,0.414088,0.283246,0.143986,0.122959,0.123871,0.096567,0.10944,0.154739,0.136846,0.115632,0.171783,0.111953,0.025255557,0.43333334,0.010095555,0.416,0.0,0.110081114,0.011672223,0.062616
0.035169,0.065403,0.075227,0.81750536,0.8593084,0.4417463,0.20471275,0.7341731,0.777303,0.34826,0.473114,0.6139637,0.7725755,0.5016375,0.8363719,0.56984687,0.013232,0.03504,0.029861,0.34261432,0.364648,0.5286505,0.27576557,0.47630504,0.39718857,0.465213,0.499597,0.422874,0.516194,0.375284,0.473949,0.386111,0.01603,0.035553,0.009759,0.412615,0.374581,0.3323184,0.24237144,1.003937,0.441073,0.563689,0.474611,0.358808,0.543528,0.340304,0.396751,0.496262,0.027062,0.053435,0.03062,0.8001725,0.632917,0.351023,0.133192,0.348863,0.161952,0.129868,0.137076,0.118185,0.120515,0.08303,0.147194,0.098238,0.018711668,0.73333335,0.0,0.704,0.0,0.102396116,0.13729778,0.13628371
0.084866,0.192814,0.084549,0.72305083,0.30984148,0.5000146,0.37694624,0.3402826,0.3853313,0.46929124,0.50350267,0.52322936,0.652768,0.645474,0.42810813,0.46447125,0.041547,0.114666,0.034265,0.3303896,0.4710124,0.3991855,0.33107668,0.37771717,0.30957,0.421699,0.515322,0.52628,0.535001,0.59543,0.569932,0.582491,0.026467,0.056378,0.008641,0.18202572,0.29636732,0.2159572,0.21007358,0.274809,0.210467,0.184096,0.518939,0.474272,0.433583,0.429676,0.424489,0.404748,0.024076,0.069974,0.029272,0.78060895,0.35042,0.205097,0.142706,0.111773,0.085758,0.069996,0.129689,0.111926,0.148752,0.145366,0.171105,0.165589,0.07489444,0.625,0.0,0.6,0.0,0.29652557,0.32655945,0.3204437
0.053182,0.108195,0.080485,0.6972918,0.6039024,0.45254758,0.4170475,0.46825513,0.5342467,0.65134,0.50149465,0.39781123,0.6203975,0.345204,0.24265873,0.4110175,0.027516,0.074556,0.036134,0.39857626,0.75081956,0.5246655,0.42,0.449905,0.40867427,0.583894,0.523529,0.494636,0.522604,0.5391,0.490248,0.413796,0.02063,0.064798,0.009817,0.23018229,0.29542834,0.3182112,0.3530343,0.451266,0.31914,0.432408,0.257643,0.270055,0.295512,0.446644,0.329541,0.328389,0.033756,0.073122,0.029485,0.67952347,0.679815,0.436077,0.329135,0.201358,0.214888,0.151189,0.153343,0.141984,0.119337,0.156315,0.147442,0.105036,0.030888334,0.5083333,0.037574448,0.488,0.0,0.09638,0.21427278,0.18712343
0.045108,0.081834,0.085671,0.846743,0.9877892,0.28157243,0.19736575,0.40697914,0.49196467,0.7009906,0.47482467,0.56268996,0.65970254,0.4155685,0.41930187,0.13896188,0.012563,0.025847,0.042348,0.22897159,0.371126,0.364757,0.3137761,0.36725786,0.342965,0.423234,0.42678,0.408456,0.408207,0.408882,0.447888,0.462892,0.017092,0.032777,0.009924,0.31998685,0.417137,0.37240762,0.41992643,0.457193,0.367338,0.296962,0.28307,0.327685,0.298326,0.30824,0.323895,0.456733,0.026031,0.052207,0.028898,0.79198736,0.557824,0.172936,0.130411,0.142821,0.143355,0.097717,0.100433,0.092151,0.117934,0.109177,0.110415,0.148424,0.005917778,0.6,0.03572611,0.576,0.0,0.055993892,0.056950558,0.10588257
0.065879,0.115467,0.078928,0.82147616,0.5905994,0.4347523,0.525075,0.22086115,0.37618002,0.66006005,0.39238402,0.64458996,0.5764635,0.48006803,0.45391938,0.27043626,0.018172,0.050922,0.028533,0.17387433,0.27114278,0.2589635,0.3031611,0.38076857,0.35570216,0.531843,0.577002,0.504591,0.526654,0.517089,0.494777,0.446583,0.017713,0.044108,0.007936,0.28895044,0.32281634,0.3206096,0.47401145,0.673082,0.611692,0.836015,0.643497,0.830756,0.454657,0.568333,0.591021,0.646661,0.025655,0.053358,0.030236,0.7579968,0.424619,0.122503,0.178208,0.15066,0.093487,0.123215,0.191473,0.138485,0.196254,0.132793,0.140188,0.095613,0.02142278,0.8,0.0,0.768,0.0,0.13220945,0.15240389,0.1824963
0.025856,0.595317,0.101546,0.7616676,0.28253716,0.7370366,0.262771,0.4150943,0.42624965,0.59636873,0.49928102,0.50589126,0.67623603,0.625121,0.44141248,0.44112435,0.031231,0.451846,0.048568,0.35593542,0.41321,0.3039885,0.249625,0.29385072,0.2849036,0.424077,0.414141,0.398194,0.405453,0.383134,0.365646,0.328875,0.01725,0.087225,0.008076,0.22529128,0.31814933,0.094622396,0.21727073,0.148367,0.090875,0.218681,0.192747,0.071093,0.07109,0.097523,0.100751,0.070491,0.028153,0.016888,0.02746,0.75250405,0.334831,0.138105,0.057313,0.049335,0.039299,0.058675,0.046539,0.044595,0.059066,0.041623,0.050817,0.041594,0.68470615,0.56666666,0.72806114,0.544,0.0,0.70932555,0.78162396,0.766774
0.081354,0.302058,0.09724,0.7620907,0.20158882,0.62197345,0.42028874,0.5936008,0.5260727,0.85967433,0.61962366,0.7957688,0.82199955,0.667023,0.70039874,0.5439487,0.087255,0.327868,0.04596,0.54268306,0.6117676,0.583295,0.45471668,0.5114421,0.48743215,0.539359,0.464374,0.512859,0.502584,0.477341,0.467416,0.453966,0.018392,0.053047,0.009042,0.17757793,0.13093899,0.1751296,0.297215,0.194697,0.217095,0.107007,0.121507,0.136194,0.155098,0.146949,0.173602,0.145579,0.019922,0.03042,0.02836,0.65467817,0.223277,0.164591,0.181582,0.118775,0.114469,0.061956,0.079447,0.068104,0.08977,0.060114,0.076139,0.103849,0.4338167,0.55,0.6422856,0.528,0.0,0.6283739,0.6689917,0.6672166
0.112665,0.3462,0.094216,0.73226666,0.22846933,0.6724904,0.3143895,0.51587284,0.41428533,0.6973531,0.64923966,0.7865125,0.806678,0.606275,0.60512376,0.43398377,0.082081,0.285271,0.038763,0.40030172,0.40181643,0.550758,0.42097947,0.48814216,0.45045573,0.49182,0.42669,0.462839,0.448752,0.390417,0.425064,0.404553,0.045421,0.073893,0.007405,0.19245207,0.24732701,0.1397368,0.15704787,0.303975,0.215078,0.158922,0.131802,0.096486,0.103487,0.073086,0.095559,0.074911,0.02611,0.035949,0.029573,0.6425317,0.30037,0.120505,0.101579,0.069436,0.059147,0.053095,0.052991,0.056388,0.052235,0.043043,0.045284,0.049654,0.6559872,0.56666666,0.76010334,0.544,0.0,0.6853017,0.78618336,0.769534
0.073194,0.140733,0.080545,0.74517083,0.5787992,0.27886385,0.4880695,0.38341027,0.42352733,0.40311813,0.46861067,0.42927936,0.6480805,0.49454802,0.51540816,0.2459425,0.020042,0.043408,0.028217,0.25106165,0.3216776,0.2621765,0.28232777,0.3469593,0.37048644,0.481357,0.482828,0.514857,0.508133,0.516179,0.474873,0.447746,0.015537,0.034044,0.007524,0.35845548,0.28407666,0.1640424,0.19645357,0.300508,0.248464,0.362048,0.491118,0.446384,0.482079,0.438563,0.356211,0.254899,0.024653,0.052302,0.03029,0.70744133,0.350933,0.149544,0.122719,0.063955,0.078072,0.068832,0.081025,0.139319,0.10359,0.114416,0.073605,0.081219,0.031167224,0.78333336,0.0039333333,0.752,0.0,0.04851556,0.1315639,0.12905742
0.092435,0.226614,0.082882,0.634353,0.34312573,0.43271586,0.60530925,0.14060114,0.49397698,0.171685,0.46090803,0.60433686,0.601352,0.6706895,0.659255,0.4526475,0.040554,0.090852,0.031072,0.44323418,0.4918012,0.3570415,0.45650834,0.52844286,0.39847857,0.565747,0.559549,0.50715,0.529752,0.47607,0.535423,0.418207,0.02748,0.059576,0.007693,0.21825323,0.31871367,0.1469624,0.32183927,0.433303,0.286995,0.271749,0.23247,0.180077,0.245883,0.15562,0.330969,0.131956,0.023239,0.051518,0.030078,0.7506272,0.583867,0.234704,0.239311,0.245221,0.130604,0.152285,0.148249,0.122566,0.099089,0.115568,0.127607,0.055109,0.09968112,0.5416667,0.26308334,0.52,0.0,0.23468724,0.35957947,0.31796485
0.115636,0.441821,0.087938,0.7034185,0.22618783,0.5838457,0.1537665,0.515202,0.44347396,0.6915769,0.59609836,0.87043816,0.47580802,0.69266903,0.595645,0.4993281,0.140928,0.378189,0.038519,0.44514117,0.6496744,0.5013245,0.39029056,0.4183807,0.3550343,0.452183,0.360535,0.401846,0.410856,0.448534,0.445181,0.403076,0.013363,0.044887,0.007338,0.12792815,0.16531767,0.1501104,0.099693574,0.144646,0.08174,0.100965,0.144074,0.133711,0.143659,0.115322,0.052091,0.051521,0.013152,0.020035,0.029565,0.6082675,0.428048,0.117842,0.054015,0.062232,0.050673,0.040493,0.040925,0.047343,0.050531,0.042073,0.045348,0.051826,0.50125223,0.55,0.35686,0.528,0.0,0.6153095,0.3997056,0.5531694
0.036778,0.054587,0.076432,0.872336,0.6424437,0.7413327,0.51677626,0.60537434,0.42358232,0.60688937,0.45734167,0.40553874,0.7530085,0.561199,0.79958,0.37030128,0.012882,0.029016,0.029766,0.39579573,0.468654,0.424945,0.28523555,0.30096856,0.28860214,0.392267,0.437365,0.400163,0.37886,0.419169,0.405064,0.409185,0.015767,0.035161,0.007693,0.42008466,0.51141137,0.42773318,0.3364643,0.446468,0.333074,0.415929,0.601403,0.506811,0.306258,0.393248,0.501548,0.742457,0.028494,0.062819,0.030287,0.7894227,0.48092,0.302451,0.188664,0.134185,0.116143,0.102005,0.106684,0.118975,0.096964,0.132164,0.141823,0.189256,0.014376112,0.8333333,9.0555556E-4,0.8,0.0,0.10862167,0.10012222,0.15801372
0.061391,0.134275,0.085648,0.6924204,0.42918256,0.41870743,0.5868035,0.4035357,0.51234967,0.65176874,0.392377,0.4442375,0.432788,0.543882,0.6163838,0.27336565,0.032399,0.096413,0.033536,0.46504632,0.5431924,0.506884,0.3287211,0.38127646,0.33500856,0.541336,0.493336,0.465859,0.547783,0.588929,0.663853,0.796306,0.017772,0.045654,0.010508,0.19578879,0.39773202,0.1884848,0.20604785,0.223847,0.161557,0.212323,0.20161,0.201858,0.321674,0.309134,0.517713,0.443998,0.024797,0.071194,0.029435,0.65678734,0.380231,0.186969,0.138988,0.121715,0.090606,0.124704,0.105213,0.075691,0.166615,0.151708,0.195369,0.338841,0.06547333,0.45833334,0.035265002,0.44,0.0,0.21363668,0.12702055,0.2055423
0.124628,0.262126,0.088286,0.73488367,0.24422026,0.3721133,0.349248,0.4506577,0.19302933,0.5918212,0.9074733,1.0998636,0.4516005,0.38329002,0.6521943,0.25373936,0.073384,0.170748,0.036247,0.36853442,0.53029,0.694052,0.49624336,0.6060622,0.526115,0.640364,0.643027,0.617996,0.543732,0.588624,0.490879,0.473501,0.024985,0.042482,0.007235,0.23627271,0.23655067,0.4158184,0.5393521,0.510433,0.483288,0.318069,0.365866,0.377845,0.25452,0.375408,0.183747,0.322965,0.032635,0.057169,0.02952,0.7037435,0.36806,0.303093,0.20362,0.207119,0.148526,0.129615,0.118551,0.105923,0.106779,0.139957,0.103371,0.102959,0.081516676,0.55833334,0.36483058,0.536,0.0,0.28001112,0.40043667,0.36150315
0.05654,0.123146,0.086451,0.7803876,0.41911125,0.41512543,0.6616247,0.4097197,0.21296768,0.592755,0.82496,0.94404066,0.6191935,0.37955552,0.63006437,0.4096756,0.040638,0.113782,0.037251,0.42612758,0.4651664,0.5342885,0.44109613,0.44068,0.48883855,0.534799,0.531945,0.492844,0.485505,0.504403,0.464913,0.483711,0.021162,0.041089,0.008244,0.2939658,0.18399532,0.2851588,0.5328429,0.479044,0.533525,0.354346,0.337015,0.316295,0.297767,0.292342,0.316192,0.324464,0.024892,0.070023,0.029166,0.7613831,0.333182,0.319513,0.249224,0.133346,0.155048,0.090069,0.092571,0.084206,0.099386,0.129188,0.119217,0.13807,0.1860239,0.55,0.15299112,0.528,0.0,0.31352335,0.18562223,0.25670344
0.070792,0.134164,0.083193,0.7926467,0.58534175,0.28347287,0.48102725,0.40298516,0.421532,0.52918124,0.57086736,0.5278125,0.6374265,0.43564653,0.5544044,0.3281731,0.023886,0.048125,0.029348,0.34568775,0.41644,0.3290905,0.30148777,0.37312073,0.37994787,0.51371,0.521595,0.588442,0.606608,0.551484,0.50632,0.477443,0.023128,0.036104,0.006206,0.55110496,0.34780332,0.1818592,0.20964071,0.260796,0.324634,0.373313,0.29248,0.383623,0.401895,0.379128,0.270364,0.296586,0.023785,0.047646,0.03032,0.7655065,0.322764,0.151927,0.105362,0.093846,0.080588,0.080442,0.0875,0.117655,0.156201,0.10163,0.101425,0.083139,0.08714833,0.59166664,0.0,0.568,0.0,0.34178334,0.16107668,0.34748143
0.046673,0.093665,0.075878,0.8144209,0.71674234,0.33270088,0.371472,0.5631151,0.48029503,0.44169438,0.49238133,0.7150319,0.69144404,0.46743703,0.5978594,0.26828873,0.017558,0.034708,0.027382,0.24720867,0.30638918,0.2699015,0.29472,0.32564142,0.3484143,0.456976,0.468184,0.442078,0.422913,0.438591,0.435063,0.421632,0.01812,0.036251,0.00722,0.55809635,0.329079,0.2421656,0.3370507,0.377394,0.282631,0.498265,0.357117,0.449528,0.226492,0.194031,0.157951,0.317686,0.026791,0.054394,0.030572,0.780102,0.515557,0.149798,0.12233,0.082112,0.101185,0.095435,0.081139,0.102229,0.058928,0.076701,0.077758,0.05913,0.012965555,0.59166664,0.005181667,0.568,0.0,0.13321556,0.03206611,0.120420285
0.082219,0.164966,0.074991,0.7170772,0.45015308,0.3652107,0.6082425,0.13507058,0.46385598,0.16471438,0.459694,0.5095625,0.56491053,0.281371,0.67116123,0.238955,0.028039,0.065307,0.029758,0.3363383,0.5092484,0.3107315,0.35098556,0.4109143,0.39273,0.478866,0.502971,0.504142,0.503869,0.571234,0.509915,0.56918,0.027473,0.06537,0.009939,0.29217407,0.42623165,0.20233122,0.40101,0.571617,0.684764,0.465595,0.443783,0.516217,0.566709,0.686858,0.434462,0.520937,0.025399,0.05887,0.030071,0.7099115,0.488267,0.202428,0.243482,0.164388,0.148391,0.152471,0.177503,0.120913,0.141301,0.205086,0.222488,0.19148,0.017002778,0.6,0.014721666,0.576,0.0,0.12340834,0.12690556,0.15974744
0.038675,0.077361,0.080267,0.75800127,0.48856416,0.63552177,0.424842,0.491378,0.467456,0.639885,0.56127733,0.5401225,0.5192735,0.431799,0.47445497,0.2486075,0.024474,0.086383,0.034589,0.36587903,0.5086936,0.3671945,0.3397317,0.3928343,0.3383093,0.480762,0.476438,0.487894,0.47678,0.429948,0.416693,0.502004,0.015064,0.053404,0.008942,0.2985612,0.24935101,0.34807602,0.5239515,0.333209,0.303399,0.258908,0.298411,0.252676,0.289306,0.237588,0.289885,0.267857,0.027681,0.082819,0.02992,0.72111064,0.414548,0.193118,0.15528,0.164463,0.110458,0.151062,0.177499,0.167768,0.160966,0.146154,0.115557,0.263309,0.010478334,0.7,0.035738334,0.672,0.0,0.10643612,0.027376112,0.15761542
0.082098,0.253042,0.093008,0.68079674,0.28416017,0.57672745,0.46845874,0.44569227,0.515582,1.0058694,0.4785323,0.7518831,0.5832755,0.562632,0.4406706,0.42646813,0.081705,0.273293,0.040677,0.54648757,0.6022868,0.73647,0.7293306,0.6941243,0.47042716,0.647608,0.619293,0.590822,0.543226,0.515462,0.547322,0.467556,0.039365,0.084325,0.006251,0.19795658,0.172682,0.2616648,0.51981145,0.28053,0.266875,0.285752,0.229221,0.236165,0.178811,0.156225,0.239265,0.198216,0.045148,0.072638,0.028824,0.571008,0.296588,0.303202,0.365933,0.169707,0.116466,0.111267,0.139361,0.105886,0.094575,0.067107,0.095769,0.076847,0.17094667,0.775,0.21120667,0.744,0.0,0.12776724,0.29666114,0.39169544
0.055456,0.11324,0.079158,0.8231773,0.54388523,0.5221611,0.458901,0.52451915,0.526613,0.64449126,0.510442,0.49281374,0.787428,0.500912,0.5724437,0.48112622,0.049807,0.110188,0.033556,0.33956024,0.62594116,0.531253,0.39414278,0.47016284,0.36766073,0.573311,0.464364,0.464651,0.468512,0.400385,0.430739,0.37094,0.034554,0.076984,0.010748,0.2531536,0.39895466,0.24107201,0.28674716,0.299756,0.405902,0.493473,0.327517,0.288199,0.330098,0.267106,0.282969,0.350129,0.057545,0.099149,0.030303,0.80884534,0.714555,0.408216,0.215082,0.20155,0.118444,0.161482,0.097076,0.086972,0.147569,0.06345,0.106841,0.075593,0.025291666,0.65833336,0.06268,0.632,0.0,0.08501945,0.06960889,0.23036829
0.061806,0.182233,0.081687,0.62924457,0.19038649,0.5872062,0.5183,0.57102686,0.4259173,0.81608,0.571565,0.67885995,0.66353154,0.45121002,0.6219512,0.37994123,0.039412,0.158426,0.03299,0.28702518,0.411336,0.475169,0.44723502,0.51032573,0.45795998,0.595697,0.514346,0.524163,0.508261,0.488037,0.504952,0.522226,0.021957,0.065971,0.009197,0.13322128,0.2885987,0.1967164,0.3279457,0.359272,0.332352,0.274672,0.234698,0.239715,0.24326,0.243501,0.184866,0.217742,0.02792,0.058847,0.030053,0.60122585,0.238677,0.247421,0.172651,0.166341,0.136922,0.115855,0.080964,0.09817,0.094403,0.084141,0.094991,0.096363,0.025871111,0.7083333,0.0,0.68,0.0,0.11405945,0.015242778,0.07223086
0.015045,0.368269,0.112005,0.7929786,0.67828935,0.677561,0.45012525,0.57843316,0.56099766,0.9238925,0.58090734,0.634395,0.781191,0.5906695,0.707715,0.3990775,0.015336,0.464514,0.066539,0.6552595,0.8767028,0.6102485,0.42454,0.42991,0.29973713,0.347897,0.33871,0.347854,0.375391,0.430105,0.331333,0.31837,0.012874,0.051251,0.011607,0.20967878,0.22805034,0.18296601,0.25037146,0.17741,0.179873,0.117825,0.090743,0.070991,0.077442,0.101822,0.094791,0.053911,0.028584,0.015678,0.024893,0.593332,0.409639,0.205205,0.14086,0.067219,0.077123,0.054315,0.044292,0.041669,0.055717,0.055492,0.056063,0.035386,0.3420439,0.55833334,0.398145,0.536,0.0,0.38412833,0.398145,0.4164503
0.049897,0.107494,0.097196,0.9535897,0.42995167,0.6781803,0.4286105,0.6519137,0.45270467,1.1175913,0.59813637,0.8375363,0.678479,0.58471453,0.8749212,0.72349435,0.060017,0.174479,0.040398,0.44667184,0.6174032,0.627166,0.5414706,0.49927142,0.51696146,0.629734,0.660678,0.521203,0.524621,0.528027,0.491371,0.504123,0.017996,0.043042,0.006835,0.38477364,0.27617067,0.24101081,0.30820072,0.322169,0.444867,0.299782,0.313746,0.254785,0.209224,0.217329,0.202623,0.198267,0.027743,0.042781,0.028626,0.8147054,0.214666,0.237066,0.224814,0.105541,0.174575,0.131845,0.14098,0.10368,0.088982,0.091595,0.11201,0.086763,0.12830889,0.60833335,0.0,0.584,0.0,0.29673502,0.0042383336,0.15478627
0.061895,0.128923,0.073914,0.92808205,0.62152547,0.445788,0.521328,0.57656515,0.43022,0.8681682,0.60517234,0.24544062,0.4223975,0.4756105,0.5472031,0.38583753,0.02214,0.059205,0.028013,0.31645083,0.391828,0.407248,0.33983168,0.41719216,0.40089574,0.581172,0.592071,0.659197,0.591814,0.521209,0.519543,0.46222,0.015728,0.033133,0.007434,0.24640135,0.29686934,0.22815199,0.2878686,0.526723,0.416796,0.544406,0.57547,0.631266,0.564297,0.430384,0.343795,0.327341,0.025958,0.049216,0.030627,0.868452,0.464524,0.248432,0.148922,0.141774,0.168535,0.160346,0.131857,0.226087,0.160843,0.110682,0.101289,0.083352,0.037357777,0.8,0.0,0.768,0.0,0.009746667,0.18860945,0.106627144
0.041178,0.174097,0.084437,0.6973659,0.30205473,0.41539186,0.48363426,0.50643885,0.56686366,0.6475912,0.527367,0.6521675,0.73878205,0.6223855,0.7491556,0.31694937,0.034761,0.226568,0.032032,0.37084568,0.4836072,0.523304,0.4837411,0.574785,0.43250716,0.548324,0.471109,0.537374,0.489091,0.471493,0.438721,0.457166,0.022805,0.092779,0.00864,0.15135978,0.177803,0.198932,0.23229787,0.33792,0.176785,0.221032,0.14762,0.136691,0.133132,0.150973,0.104441,0.164062,0.02604,0.122482,0.030209,0.6525745,0.302491,0.274586,0.277543,0.229112,0.118506,0.121881,0.072289,0.088931,0.080087,0.063118,0.050452,0.068906,0.07110889,0.48333332,0.0021522222,0.464,0.0,0.2820328,0.0035083333,0.14684972
0.095925,0.238396,0.082233,0.70216006,0.30731907,0.6736018,0.49003774,0.34786084,0.69363266,0.6594662,0.42407668,0.8705468,0.65967405,0.46413553,0.6688181,0.51769435,0.055928,0.177009,0.033572,0.29006034,0.4516828,0.5158645,0.46739447,0.44710502,0.4168257,0.526702,0.57221,0.571528,0.498571,0.484689,0.498388,0.47948,0.022185,0.064251,0.007088,0.15269928,0.26060298,0.3290332,0.60544217,0.35231,0.458402,0.273729,0.314561,0.30253,0.342784,0.275864,0.309858,0.329153,0.028007,0.049735,0.029934,0.6892025,0.34666,0.394112,0.24297,0.142368,0.169416,0.10067,0.111234,0.126439,0.100521,0.093792,0.107712,0.096629,0.104890004,0.46666667,0.008753889,0.672,1.0,0.2855039,0.11251445,0.300706
