1,0.060989,0.12168,0.078563,-91.483055,7.227839,-0.263384,2.073871,0.529699,1.082004,0.398972,0.713224,0.942243,0.651968,0.396797,0.402105,0.262342,0.021763,0.047147,0.027574,2.54937,0.860143,0.568374,0.540186,0.547963,0.527894,0.521725,0.597258,0.569448,0.57943,0.603077,0.532692,0.500719,0.024209,0.038777,0.006972,3.360284,1.217411,0.424364,0.546021,0.546086,0.428886,0.588115,0.476958,0.629604,0.608619,0.712132,0.579802,0.404556,0.025237,0.049772,0.030514,5.296771,0.376243,0.145547,0.130094,0.102807,0.087232,0.104479,0.154579,0.128153,0.148744,0.161797,0.132869,0.10984,0.01511,90.0,0.0,180.0,2.0,0.072822,0.086886,0.17183
2,0.056494,0.121974,0.076265,-72.32874,5.025519,1.30377,2.075306,0.846083,0.774979,0.35152,0.539976,0.697037,0.486604,0.663517,0.453277,0.410097,0.037199,0.110931,0.032135,3.84209,1.274658,0.769083,0.756384,0.511961,0.556606,0.47604,0.491114,0.499873,0.425501,0.432295,0.385927,0.365091,0.02332,0.063263,0.008265,3.392121,0.990627,0.4437,0.595921,0.294426,0.442383,0.27929,0.3107,0.333166,0.270912,0.330482,0.274561,0.197445,0.032927,0.067481,0.030071,3.787686,0.476249,0.265245,0.26665,0.122238,0.141392,0.114982,0.112123,0.142103,0.092812,0.103042,0.080517,0.074316,0.024164,79.0,0.046987,158.0,2.0,0.223948,0.158557,0.527927
3,0.010201,0.617722,0.15078,-87.988669,8.359849,2.856937,1.638622,0.957354,1.185031,0.773191,0.592638,0.489282,0.644543,0.537776,0.362532,0.269506,0.008608,0.469152,0.110101,7.097305,2.421803,0.82386,0.744111,0.636283,0.599518,0.533115,0.546572,0.377332,0.585511,0.51069,0.440184,0.581651,0.015019,0.098983,0.02273,3.894635,0.990113,0.350548,0.243612,0.210864,0.138856,0.116081,0.102951,0.093287,0.092761,0.087495,0.082899,0.092593,0.029516,0.025938,0.02562,4.200382,0.607798,0.14513,0.119631,0.111516,0.0872,0.083667,0.092668,0.069376,0.121097,0.086738,0.076011,0.12119,0.318984,64.0,0.727568,128.0,2.0,0.538392,0.936542,1.495651
4,0.069627,0.357759,0.095914,-69.777855,2.431608,2.227688,1.307242,1.668636,1.391114,0.798602,0.761158,0.697237,0.327135,0.357268,0.165743,0.143827,0.08688,0.385027,0.047281,5.737308,1.292309,0.981785,0.615919,0.499868,0.438613,0.470985,0.411309,0.514778,0.533912,0.445987,0.422483,0.440333,0.021509,0.065533,0.007576,2.212176,0.616472,0.303215,0.125928,0.184656,0.160975,0.110489,0.093686,0.085424,0.092627,0.133269,0.186733,0.102701,0.019293,0.033807,0.02838,3.484318,0.287993,0.115078,0.068124,0.078789,0.057361,0.046429,0.043537,0.052156,0.051165,0.04333,0.047258,0.040876,0.45593,70.0,0.509546,140.0,2.0,0.589135,0.509546,1.362673
5,0.053999,0.106682,0.082517,-76.008243,5.802704,0.545329,2.125263,0.767987,1.437538,0.245128,0.720537,0.608465,0.61918,0.681609,0.41256,0.70566,0.038078,0.092343,0.031949,4.497791,1.342531,0.97433,0.907911,0.71628,0.638422,0.533243,0.560889,0.556387,0.494793,0.501327,0.493472,0.468542,0.02773,0.053397,0.009213,2.964752,0.937491,0.779779,1.271292,0.484125,0.564726,0.389651,0.406975,0.447021,0.35868,0.374482,0.417821,0.321305,0.043477,0.073695,0.030068,4.656917,0.55736,0.304407,0.449486,0.257063,0.220556,0.143092,0.145461,0.154025,0.130077,0.16113,0.135949,0.090004,0.128212,74.0,0.0,148.0,2.0,0.506983,0.194627,0.702596
6,0.063605,0.10989,0.081286,-92.831295,7.559924,-0.003787,2.255114,0.038415,1.568938,0.700346,-0.181939,0.351438,-0.212121,0.43303,0.220985,0.269927,0.022386,0.064288,0.029356,2.94431,0.851495,0.76742,0.792377,0.729387,0.641202,0.587808,0.656013,0.695867,0.643692,0.631764,0.610453,0.603686,0.018429,0.043662,0.008742,6.401689,1.228614,0.969236,0.786434,0.99839,0.55879,0.604196,0.677653,0.594109,0.713379,0.781767,0.629166,0.775105,0.027018,0.062851,0.030205,4.91983,0.45673,0.257351,0.304795,0.218807,0.154175,0.164453,0.229839,0.181715,0.195418,0.213616,0.172296,0.191672,0.044885,100.0,0.019415,200.0,2.0,0.239298,0.32069,0.645895
7,0.088632,0.442798,0.127395,-84.648714,4.760137,2.634223,1.11421,1.328732,0.896742,1.031994,0.702222,0.786957,0.680357,0.615963,0.435266,0.551936,0.148252,0.41679,0.073213,11.216391,2.482447,1.485184,0.933507,0.662217,0.521061,0.44793,0.446726,0.413804,0.398513,0.450619,0.401092,0.399009,0.03328,0.118903,0.009326,4.520536,0.717237,0.335732,0.157099,0.14936,0.149863,0.165656,0.138559,0.10541,0.096563,0.095483,0.12171,0.10344,0.046914,0.032378,0.02441,3.897176,0.520857,0.320441,0.091216,0.112769,0.07482,0.074949,0.073349,0.057735,0.068087,0.086922,0.073932,0.056119,0.961703,64.0,1.121665,128.0,2.0,1.363866,1.18787,2.582441
8,0.063155,0.134424,0.092656,-64.794051,4.508711,1.370737,1.861535,0.780136,0.811956,0.196439,0.696931,0.396442,0.618635,0.294942,0.288799,0.757746,0.048954,0.142645,0.037546,5.59461,1.622984,1.060701,1.032878,0.829424,0.792718,0.617837,0.64887,0.670714,0.559498,0.513516,0.487508,0.496212,0.02011,0.052302,0.008946,2.230208,0.820435,0.400205,0.778708,0.370745,0.553614,0.237523,0.23295,0.280755,0.273286,0.218616,0.240275,0.28918,0.032804,0.055494,0.029187,3.654286,0.404482,0.262812,0.190345,0.168268,0.162674,0.11543,0.12829,0.165661,0.094398,0.093582,0.099717,0.070242,0.123907,78.0,0.004589,156.0,2.0,0.374468,0.352294,0.77051
9,0.055511,0.109073,0.077588,-69.314437,4.334182,1.578317,1.64458,0.889577,1.072662,0.428371,0.187203,0.446994,0.476655,0.65021,0.771973,0.324718,0.030491,0.092988,0.029169,2.954946,0.909801,0.861436,0.616843,0.483724,0.50647,0.473681,0.492983,0.44486,0.43379,0.458663,0.478521,0.520577,0.021495,0.058042,0.007205,2.372752,0.554437,0.647271,0.453189,0.324145,0.286794,0.26294,0.251349,0.219246,0.219268,0.272904,0.233025,0.294145,0.024807,0.050458,0.030493,4.342371,0.275308,0.227763,0.123937,0.102251,0.104674,0.098102,0.180602,0.077407,0.095386,0.123534,0.127142,0.203791,0.077622,71.0,0.0,142.0,2.0,0.371469,0.234702,0.61291
10,0.07596,0.151514,0.084973,-65.652655,6.439446,-0.219036,2.457407,-0.974673,1.451624,0.161152,0.844715,0.321914,0.253671,0.396539,0.407072,0.173934,0.028848,0.066949,0.032946,4.417115,1.311235,0.731483,0.587597,0.54348,0.514598,0.505078,0.504843,0.48117,0.515459,0.490911,0.539276,0.508066,0.035931,0.082087,0.010016,4.507241,1.537186,0.93672,0.463692,0.339662,0.426678,0.314852,0.349797,0.240461,0.344604,0.237889,0.312605,0.372894,0.024531,0.050079,0.029701,3.461539,0.454188,0.229179,0.142973,0.118219,0.116121,0.145984,0.119732,0.115446,0.147884,0.161294,0.192024,0.129702,0.12264,98.0,0.131235,196.0,2.0,0.258262,0.525293,1.270975
11,0.073549,0.184322,0.09347,-69.036644,3.996756,0.818633,1.311068,0.400103,0.442149,0.694631,0.191844,0.85062,0.619914,0.43993,0.721439,0.397434,0.0688,0.214085,0.039082,5.349822,1.488552,1.272456,0.937858,0.867469,0.659278,0.578351,0.657149,0.525785,0.538392,0.491099,0.501691,0.488162,0.039295,0.08253,0.006667,3.013785,0.850825,0.908435,0.635524,0.60199,0.299288,0.336518,0.43712,0.222648,0.367167,0.241121,0.207845,0.189415,0.050501,0.090307,0.029237,4.017794,0.512684,0.380461,0.260225,0.256166,0.150473,0.117123,0.167199,0.087857,0.106038,0.122712,0.09567,0.096229,0.34182,87.0,0.973984,174.0,2.0,1.015035,0.203494,2.377384
12,0.053637,0.097556,0.074777,-77.596066,8.767623,-0.769161,1.067337,0.782416,0.699369,0.534873,-0.172538,-0.038643,0.422112,0.593803,0.617684,0.526601,0.013904,0.042225,0.025297,2.967463,1.081371,0.878037,0.625558,0.546872,0.427975,0.462938,0.457065,0.437793,0.471143,0.433484,0.461183,0.496253,0.024209,0.050979,0.005918,5.326087,1.909198,1.00102,0.486226,0.516923,0.288754,0.745888,0.534484,0.538122,0.431663,0.796469,0.755499,0.529176,0.009829,0.072738,0.00909,1.90852,0.373656,0.260893,0.143717,0.13495,0.098076,0.134731,0.14497,0.128139,0.16696,0.182382,0.1855,0.262444,0.034552,68.0,0.033863,136.0,2.0,0.117014,0.232716,0.401118
13,0.076014,0.131183,0.079764,-73.02865,6.331956,-0.321479,1.142062,0.556909,0.354588,0.235643,0.339811,0.671528,0.205084,0.759338,-0.130446,0.143798,0.026035,0.05584,0.030885,4.034917,1.167461,0.790098,0.665566,0.562985,0.527575,0.591789,0.542621,0.597491,0.63558,0.632036,0.598362,0.630737,0.028863,0.046427,0.008091,5.560226,1.272544,0.765226,0.47701,0.448396,0.664895,0.535182,0.369743,0.518285,0.646347,0.532745,0.408908,0.539678,0.02502,0.052906,0.029994,4.08027,0.568138,0.221904,0.149156,0.116815,0.118932,0.124714,0.13256,0.227102,0.268924,0.2942,0.212068,0.243091,0.079397,61.0,0.075804,122.0,2.0,0.182346,0.209312,0.471123
14,0.072709,0.154172,0.079737,-59.763654,4.70417,0.881217,1.88212,0.411944,0.408397,0.131239,0.057272,0.284217,0.640081,0.543487,0.344857,0.489999,0.025659,0.080571,0.030025,2.620937,0.803642,0.701902,0.643202,0.525227,0.507916,0.48944,0.439028,0.389667,0.411212,0.469801,0.414228,0.415567,0.016014,0.04064,0.007678,2.265038,0.630513,0.439467,0.596845,0.413389,0.302305,0.273026,0.249763,0.168773,0.202386,0.221185,0.315092,0.178961,0.02406,0.046091,0.030529,3.953997,0.363945,0.284109,0.244811,0.147147,0.172659,0.110795,0.081726,0.058135,0.091542,0.105861,0.079591,0.074465,0.155396,75.0,0.257106,150.0,2.0,0.414448,0.455524,1.430175
15,0.04306,0.171913,0.084732,-74.971441,5.607065,-0.958865,2.175883,0.872804,1.016713,1.168114,0.518991,0.644329,0.384527,0.554631,0.587583,0.720108,0.036256,0.220299,0.038246,6.059808,1.692642,1.042144,1.051801,0.892381,0.673812,0.636387,0.581392,0.609595,0.573111,0.505108,0.526706,0.486981,0.020967,0.081541,0.007784,3.982785,1.309836,0.729152,0.821484,0.547406,0.322344,0.329787,0.343807,0.324932,0.380573,0.380463,0.357664,0.250089,0.024527,0.122616,0.029078,3.62657,0.369257,0.230983,0.270144,0.188964,0.13748,0.116999,0.183273,0.112276,0.126396,0.102533,0.115432,0.089027,0.534245,75.0,0.08592,150.0,2.0,0.972093,0.036311,1.261903
16,0.026862,0.04766,0.077973,-77.778812,8.518746,1.586602,1.533775,0.507786,0.356601,0.67094,1.215939,0.419918,0.683869,0.545523,0.087845,0.287901,0.01308,0.035126,0.032363,3.652277,1.204739,0.751003,0.58722,0.491424,0.492328,0.537497,0.479925,0.473982,0.547122,0.44419,0.402022,0.349349,0.016634,0.037435,0.009415,3.472598,0.889554,0.867362,0.621879,0.399247,0.403566,0.740292,0.291368,0.347372,0.383211,0.237026,0.271136,0.199312,0.029439,0.064073,0.029957,5.266695,0.577767,0.260412,0.19393,0.17113,0.144028,0.154679,0.114996,0.123625,0.161552,0.099311,0.086026,0.07299,0.053478,81.0,0.015736,162.0,2.0,0.213821,0.365801,0.660199
17,0.032907,0.053586,0.082198,-78.054948,9.704481,1.077619,1.163118,1.143289,1.874023,0.773446,0.74364,0.269293,0.422371,0.057844,-0.157277,0.006105,0.015408,0.043787,0.035129,4.139481,1.651421,1.198723,0.703452,0.587303,0.494823,0.537637,0.433308,0.467485,0.494444,0.476383,0.479706,0.61264,0.015041,0.034604,0.008331,3.207764,0.965452,0.461699,0.399186,0.426782,0.298693,0.317256,0.233194,0.205392,0.227443,0.309101,0.268002,0.250772,0.027573,0.058409,0.02937,4.149891,0.588096,0.328618,0.181966,0.172486,0.143029,0.135176,0.082018,0.089094,0.090969,0.090794,0.113864,0.18379,0.080201,106.0,0.0,212.0,2.0,0.159637,0.366931,0.80765
18,0.056275,0.092874,0.075021,-80.622657,8.23293,-0.692031,0.874383,0.663469,0.674083,-0.233123,0.258245,0.122511,0.472383,0.191787,0.225384,-0.034213,0.018743,0.035549,0.029811,3.27764,0.983451,0.820557,0.542237,0.514554,0.46776,0.471469,0.480915,0.497345,0.501448,0.478963,0.507091,0.614969,0.023338,0.034504,0.007448,4.518968,0.950232,1.263575,0.49814,0.46786,0.334202,0.395479,0.46345,0.664876,0.793763,0.80355,0.985174,1.19476,0.025464,0.052783,0.029969,4.667083,0.390042,0.393405,0.146904,0.133725,0.113286,0.121611,0.144563,0.23569,0.261603,0.213441,0.182592,0.308108,0.049236,70.0,0.006377,140.0,2.0,0.243226,0.121033,0.532716
19,0.174965,0.544257,0.085136,-68.11825,1.660375,0.367742,0.917574,0.990992,0.917184,0.359717,0.459195,0.856958,0.399287,0.523514,0.191279,0.353198,0.129921,0.290624,0.033109,4.413764,1.169372,1.073329,0.645387,0.550906,0.483114,0.495494,0.41412,0.467667,0.400346,0.410832,0.442905,0.404067,0.018882,0.051657,0.0059,2.17195,0.306443,0.360884,0.250997,0.211778,0.165114,0.157895,0.16406,0.156487,0.102478,0.134925,0.123237,0.100054,0.014994,0.025466,0.030259,3.547493,0.138179,0.111024,0.109675,0.078054,0.069673,0.061393,0.048667,0.058985,0.045488,0.051311,0.054614,0.054532,1.188861,68.0,1.399786,136.0,2.0,1.201197,1.435895,2.656136
20,0.087495,0.208201,0.085096,-66.288169,3.335005,-0.999898,1.904891,1.117598,0.605057,0.740349,0.858796,0.234428,0.661286,0.525885,0.610663,0.730858,0.033702,0.067717,0.028652,2.245771,0.809534,0.734787,0.738134,0.625466,0.55097,0.543455,0.527481,0.484763,0.500138,0.489431,0.492143,0.436253,0.023245,0.041909,0.00757,2.206362,0.627481,0.452085,0.310802,0.354029,0.271257,0.258583,0.288273,0.191855,0.180261,0.167407,0.208021,0.161721,0.020096,0.041458,0.030462,3.901679,0.231345,0.154492,0.207651,0.164326,0.105474,0.087898,0.101537,0.07632,0.07501,0.091481,0.08091,0.06815,0.029119,64.0,0.150959,128.0,2.0,0.192785,0.394609,0.69357
21,0.104806,0.285973,0.0886,-68.956268,2.208183,1.099843,1.341293,0.779968,0.574934,0.59085,0.793556,0.695845,0.467143,0.748597,0.574728,0.635241,0.08069,0.239467,0.0349,5.487421,1.418107,1.086564,0.936827,0.8095,0.638214,0.651749,0.570226,0.562391,0.517446,0.557036,0.511568,0.497961,0.041528,0.080118,0.008765,1.54783,0.492778,0.331033,0.315556,0.293409,0.178587,0.173621,0.175059,0.210762,0.187753,0.172254,0.144786,0.176784,0.036783,0.044668,0.029669,4.02592,0.284473,0.185316,0.151062,0.149649,0.108747,0.095393,0.104229,0.092483,0.058114,0.079299,0.061743,0.061703,0.119257,55.0,0.381268,110.0,2.0,0.146768,0.465162,0.629682
22,0.046965,0.109535,0.073727,-78.906019,5.345323,0.227913,1.947221,0.32375,1.22154,1.190233,0.640614,0.236319,0.219821,0.604438,0.922513,0.657631,0.021924,0.065799,0.03223,3.115622,0.970376,0.548163,0.557293,0.457847,0.433619,0.441728,0.47056,0.446364,0.414845,0.40772,0.416793,0.40658,0.016487,0.04233,0.008368,4.841711,0.803133,0.353764,0.321013,0.20384,0.333344,0.263531,0.254486,0.217961,0.229785,0.189815,0.200694,0.187324,0.025312,0.049047,0.030346,4.571743,0.385507,0.084083,0.125917,0.087369,0.081385,0.093642,0.080368,0.070333,0.066803,0.06269,0.068437,0.070531,0.075683,81.0,0.097331,162.0,2.0,0.395248,0.155995,0.87886
23,0.052948,0.094717,0.082617,-82.241516,5.464143,1.360845,1.432958,0.747652,0.603301,0.446501,0.42704,0.700361,0.615896,0.280066,0.351628,0.489548,0.03783,0.103103,0.032109,5.303668,1.295788,0.806648,0.684169,0.585154,0.571072,0.565535,0.597794,0.56493,0.536726,0.579138,0.636444,0.578435,0.019398,0.048198,0.009507,4.33828,0.889127,0.992631,0.432244,0.373664,0.341879,0.307337,0.296763,0.289989,0.273351,0.356211,0.395566,0.29609,0.027473,0.068262,0.030314,4.759387,0.603029,0.189552,0.192013,0.124183,0.186815,0.178452,0.142168,0.166564,0.151876,0.176953,0.258374,0.182146,0.20471,87.0,0.318489,174.0,2.0,0.582134,0.136582,1.308249
24,0.038503,0.118093,0.095043,-72.73539,3.794645,0.563289,2.163561,0.53435,1.273385,0.558633,0.906469,0.733906,0.775456,0.606171,0.652886,0.371171,0.037813,0.176348,0.039548,6.218719,1.279799,1.325518,0.992972,0.766,0.685355,0.701846,0.546925,0.53978,0.510679,0.488979,0.499973,0.523304,0.01846,0.053649,0.007915,2.281013,0.547133,0.511488,0.51689,0.272111,0.291314,0.340332,0.20974,0.197656,0.179063,0.171857,0.161142,0.17642,0.023942,0.072356,0.028761,3.826915,0.2206,0.250757,0.187303,0.152543,0.118528,0.124362,0.09071,0.085431,0.071144,0.091806,0.090821,0.121756,0.104968,64.0,0.011003,192.0,3.0,0.189689,0.005646,0.214782
25,0.100513,0.233508,0.087929,-62.45901,2.970595,-0.017409,1.672983,3.37E-4,1.057216,0.478634,0.536011,0.291985,0.674805,0.531112,0.397713,0.259642,0.061345,0.135549,0.034535,4.689154,1.4969,0.982815,0.778338,0.695805,0.621209,0.558209,0.533762,0.527478,0.536648,0.484527,0.451088,0.485007,0.032044,0.061664,0.008445,3.366577,0.990369,0.721108,0.551143,0.409195,0.459002,0.347328,0.385364,0.424001,0.307751,0.328511,0.219547,0.251922,0.028667,0.070105,0.029645,3.68727,0.564644,0.292106,0.202881,0.145848,0.136138,0.104274,0.104328,0.129225,0.106428,0.085174,0.073724,0.097173,0.041343,54.0,0.022343,162.0,3.0,0.185267,0.151491,0.416448
26,0.113798,0.332692,0.098167,-71.914119,2.190391,1.795869,2.033926,1.139566,0.696208,0.201832,0.50877,0.598656,0.117429,0.395802,0.473628,0.30078,0.096591,0.267321,0.040963,7.140636,1.639407,1.148493,1.178181,0.988203,0.738794,0.797514,0.646887,0.593498,0.627878,0.558645,0.567737,0.5093,0.032477,0.053484,0.007167,2.458855,0.596016,0.423952,0.441827,0.418152,0.214152,0.25165,0.199632,0.166787,0.196635,0.151471,0.138279,0.129231,0.032655,0.049485,0.028858,3.748417,0.43915,0.234743,0.240613,0.281767,0.125473,0.163408,0.131565,0.112244,0.117216,0.089465,0.099346,0.087826,0.678932,102.0,0.0,204.0,2.0,0.04356,0.812691,0.916641
27,0.101287,0.23254,0.078028,-64.18609,3.778818,0.087163,1.51521,0.231609,0.610066,0.384194,0.398346,0.408031,0.568457,0.498749,0.411771,0.156961,0.032926,0.086434,0.028615,2.587924,0.670304,0.687331,0.527819,0.533986,0.463081,0.439957,0.430493,0.453511,0.44382,0.419248,0.422632,0.390131,0.025694,0.052068,0.008175,1.90176,0.473664,0.567771,0.369094,0.443226,0.234301,0.242478,0.286299,0.309325,0.364361,0.330995,0.251808,0.203619,0.023078,0.0443,0.030576,3.756534,0.287929,0.188709,0.203499,0.118918,0.110766,0.090871,0.084716,0.087775,0.088712,0.061517,0.079053,0.085652,0.271122,96.0,0.039055,192.0,2.0,0.290158,0.661118,1.183461
28,0.04044,0.068932,0.074604,-82.717225,10.722401,1.257639,0.607552,0.742325,1.002356,0.604466,0.654224,0.452135,0.55409,0.168197,0.058461,0.19395,0.020002,0.038764,0.02943,4.052544,1.29362,0.698373,0.64854,0.545423,0.478775,0.508459,0.430984,0.450371,0.41552,0.418142,0.372581,0.366974,0.02106,0.040088,0.008407,4.446068,1.506366,0.906088,0.894542,0.550421,0.394311,0.468795,0.350065,0.320118,0.282375,0.311061,0.264811,0.257815,0.034468,0.062666,0.030323,5.09729,1.046212,0.379902,0.311999,0.21169,0.153357,0.195695,0.144828,0.138253,0.121798,0.118716,0.086932,0.092634,0.017853,74.0,0.017537,148.0,2.0,0.063723,0.100271,0.232946
29,0.124974,0.2469,0.076837,-64.683503,3.749087,-0.334172,1.229398,0.327778,0.559885,0.28081,0.333681,0.354917,0.477054,0.401558,0.531188,0.543282,0.034234,0.085295,0.027563,2.430765,0.829156,0.713785,0.938902,0.643,0.551342,0.533426,0.496477,0.515967,0.490537,0.437645,0.419318,0.451556,0.013998,0.050869,0.009946,1.530032,0.377724,0.672863,0.498598,0.312255,0.233963,0.235021,0.212694,0.251231,0.226177,0.226821,0.198333,0.227887,0.023637,0.059077,0.031105,4.44178,0.449596,0.247498,0.296315,0.161113,0.1204,0.112499,0.089459,0.100908,0.098797,0.071327,0.066891,0.092731,0.07805,84.0,0.120807,168.0,2.0,0.418994,0.150835,1.190895
30,0.042481,0.199281,0.093447,-80.305152,5.824409,0.648848,1.75487,1.495532,0.739909,0.809644,0.460945,0.409566,0.680122,0.590405,0.48138,0.621956,0.049939,0.281616,0.044727,6.719538,1.377811,1.265771,0.986178,0.710955,0.706904,0.710147,0.688825,0.699573,0.577976,0.533882,0.501818,0.495368,0.020749,0.106318,0.009108,3.992357,0.656429,0.927692,0.569916,0.378919,0.530714,0.317807,0.308447,0.324934,0.263444,0.359477,0.274257,0.233287,0.032678,0.11948,0.028707,4.125111,0.461304,0.280751,0.246108,0.142805,0.183657,0.124399,0.155513,0.167114,0.113774,0.112815,0.129145,0.12233,0.043012,66.0,0.206562,132.0,2.0,0.102839,0.241934,0.351009
31,0.069728,0.158571,0.087806,-68.799587,5.674185,-2.235707,2.946012,0.031415,1.49772,0.415397,0.29154,0.9425,0.552576,0.977477,0.2497,0.545164,0.037149,0.07591,0.033719,4.501468,1.326894,0.891972,0.813272,0.679905,0.704204,0.609424,0.568694,0.602412,0.55223,0.540709,0.514078,0.459413,0.026244,0.061987,0.006786,3.837869,1.158515,0.628184,0.643587,0.529499,0.503881,0.285764,0.395251,0.420837,0.400316,0.423372,0.227569,0.22069,0.025058,0.053888,0.02968,3.946783,0.388526,0.228898,0.209064,0.177628,0.16043,0.134628,0.098055,0.11871,0.108447,0.092261,0.103391,0.080164,0.025526,66.0,0.225247,132.0,2.0,0.076868,0.349698,0.429966
32,0.047962,0.089159,0.076534,-66.862857,7.598836,-2.76E-4,1.279463,0.526652,0.758793,0.141721,0.470796,0.432637,0.402715,0.366385,0.141492,0.680644,0.018446,0.052348,0.030617,2.578974,1.152144,0.837145,0.692574,0.552605,0.584976,0.572958,0.51775,0.489603,0.479521,0.477821,0.493843,0.45793,0.019833,0.045968,0.007867,2.820528,0.874341,0.669917,0.517265,0.403686,0.481699,0.39403,0.3686,0.292312,0.237718,0.357099,0.333352,0.330557,0.026372,0.056534,0.030112,3.855285,0.551596,0.354315,0.259223,0.153607,0.151714,0.16407,0.153103,0.093276,0.102143,0.130953,0.111789,0.131634,0.068946,79.0,0.0,158.0,2.0,0.349038,0.341273,0.760995
33,0.05188,0.293084,0.096427,-76.138605,3.082414,1.04875,1.901207,1.085106,0.789564,0.978586,0.675219,0.632511,0.86139,0.469036,0.825165,0.451228,0.065979,0.352943,0.045344,8.102162,1.243787,1.298004,1.033466,0.82695,0.643873,0.658648,0.524726,0.51322,0.528362,0.468399,0.539133,0.468851,0.023269,0.082975,0.00761,2.395946,0.479382,0.597861,0.581663,0.257527,0.299781,0.19977,0.222046,0.234661,0.320031,0.153517,0.211163,0.174085,0.042904,0.065797,0.028391,3.9661,0.269593,0.223224,0.247684,0.131262,0.170947,0.12985,0.090048,0.127489,0.191102,0.074197,0.156659,0.087639,0.635291,73.0,0.451089,146.0,2.0,0.917135,0.144449,1.565584
34,0.028436,0.096746,0.077945,-84.288328,5.70336,2.895177,1.706145,1.409593,0.59117,0.114055,0.203401,0.442141,0.581783,0.494387,0.461318,0.626365,0.019001,0.154616,0.029727,5.140994,1.194132,1.032862,0.570465,0.563122,0.455416,0.459495,0.479267,0.391717,0.39412,0.422575,0.413088,0.423066,0.017879,0.091915,0.007711,3.738662,0.704898,0.555971,0.317135,0.34095,0.229335,0.245822,0.241932,0.150291,0.127279,0.153997,0.186965,0.228121,0.026624,0.146208,0.030184,4.416312,0.365383,0.243952,0.106632,0.135326,0.080738,0.070891,0.092705,0.058662,0.07993,0.110914,0.08666,0.088999,0.084419,76.0,0.515134,152.0,2.0,0.423925,0.0,1.19975
35,0.084954,0.483612,0.09869,-72.344899,1.290666,0.460461,0.576,1.079802,0.972196,0.899942,0.82869,0.70473,0.785971,0.796431,0.600766,0.498806,0.120199,0.404979,0.043777,5.380785,1.009255,0.7615,0.575275,0.492364,0.4271,0.420816,0.380656,0.393278,0.368289,0.377524,0.393851,0.356421,0.014558,0.052022,0.007492,1.44818,0.49869,0.228972,0.145997,0.068828,0.073824,0.093061,0.071556,0.066722,0.072453,0.067788,0.070359,0.060751,0.016326,0.027988,0.027643,4.176831,0.35173,0.140692,0.05266,0.071618,0.048763,0.05913,0.049382,0.052778,0.041937,0.038786,0.041955,0.046113,0.954495,66.0,1.273027,132.0,2.0,1.162634,1.368172,2.544938
36,0.061659,0.180256,0.087022,-74.094832,4.253594,1.097453,1.927231,0.606217,0.42448,0.633663,0.065608,0.71453,0.34445,0.395647,0.299825,0.472307,0.058036,0.234827,0.040081,5.700182,1.292794,0.932029,0.965795,0.734156,0.625889,0.555401,0.585688,0.496962,0.491351,0.44611,0.434422,0.428434,0.034307,0.080151,0.007703,3.837103,0.656959,0.542185,0.653541,0.404674,0.396628,0.273693,0.313883,0.325569,0.422726,0.324582,0.191618,0.199175,0.032538,0.059021,0.028805,3.640447,0.274154,0.278496,0.363183,0.253099,0.135935,0.099844,0.123226,0.099773,0.092866,0.074927,0.082035,0.061632,0.279071,61.0,0.01438,122.0,2.0,0.558981,0.079784,0.877491
37,0.08745,0.251114,0.095398,-67.657984,2.144222,2.469966,1.750901,1.667266,0.915825,1.021892,0.856928,0.60826,0.628725,0.875762,0.102432,0.202953,0.08,0.263971,0.043785,4.995024,1.825113,1.402365,0.660933,0.648943,0.521108,0.711499,0.458105,0.41684,0.407394,0.482713,0.759374,0.468661,0.019502,0.048051,0.008345,1.258922,0.36286,0.625575,0.211724,0.233416,0.214012,0.230809,0.203876,0.135621,0.096981,0.089936,0.134294,0.0671,0.020965,0.033186,0.028513,4.218026,0.163605,0.173113,0.061927,0.092458,0.055238,0.065124,0.055496,0.056887,0.048366,0.04625,0.072605,0.050209,0.122698,68.0,0.111567,136.0,2.0,0.187177,0.125963,0.480385
38,0.07352,0.124505,0.081095,-80.176056,6.589334,-0.555262,1.493098,-0.10914,0.778723,0.309033,0.644215,0.003161,0.122828,0.268191,0.472085,0.524865,0.023879,0.04982,0.0295,3.655042,1.208955,0.661882,0.679388,0.586688,0.64106,0.674389,0.673152,0.691358,0.699591,0.757566,0.739254,0.601699,0.023091,0.047666,0.00815,5.758544,1.330897,0.54334,0.697593,0.458331,0.474542,0.713499,0.477193,0.484176,0.536436,0.573698,0.468518,0.491985,0.024275,0.048207,0.030391,4.184789,0.49641,0.139883,0.176788,0.130379,0.207608,0.202503,0.203834,0.229326,0.166682,0.254056,0.200041,0.159516,0.040344,68.0,0.040688,136.0,2.0,0.194155,0.201067,0.667442
39,0.035917,0.049706,0.078401,-75.410058,8.229509,1.316648,2.633249,0.938247,0.871202,0.106381,0.932775,0.74178,0.69151,0.114568,-0.087724,0.372347,0.014533,0.03276,0.034361,4.022102,1.002532,0.75136,0.946007,0.652649,0.599824,0.599342,0.566787,0.552232,0.601814,0.56539,0.45802,0.454876,0.017993,0.035343,0.007771,4.604545,0.834461,0.683778,1.243751,0.580594,0.36329,0.475049,0.444085,0.588833,0.410536,0.489416,0.354111,0.35361,0.027899,0.059497,0.029602,4.600173,0.50675,0.272045,0.439025,0.23696,0.144219,0.148071,0.161159,0.180764,0.201514,0.142738,0.098067,0.113247,0.029852,87.0,0.027266,174.0,2.0,0.301742,0.179884,0.631605
40,0.066195,0.249215,0.095474,-69.161298,4.044207,0.848744,1.913779,0.854018,0.605869,1.372892,0.29315,0.649815,0.401037,0.357193,0.639066,0.50236,0.061662,0.269201,0.041896,6.725019,1.875562,1.654084,1.247676,0.978868,0.729756,0.779347,0.729334,0.561947,0.555029,0.524957,0.540929,0.48829,0.022622,0.086512,0.008202,2.102253,0.634904,0.577433,0.497668,0.421028,0.242432,0.245582,0.282903,0.15944,0.244692,0.203093,0.190969,0.162963,0.030677,0.080235,0.029131,3.511324,0.355436,0.36741,0.27393,0.176317,0.142471,0.133551,0.145434,0.106442,0.088716,0.106131,0.113059,0.081495,0.062078,57.0,0.038372,171.0,3.0,0.211575,0.030184,0.386514
41,0.081374,0.272747,0.085733,-62.584437,3.183163,-0.218145,0.163038,0.620251,0.458514,0.041426,0.308287,0.538152,0.594871,0.734332,0.415489,0.761508,0.066288,0.26237,0.034438,3.480874,1.596532,0.943803,0.804444,0.511229,0.49867,0.523039,0.480916,0.488657,0.483166,0.445187,0.415994,0.405593,0.013621,0.073041,0.010094,1.243981,0.82979,0.252972,0.347831,0.205087,0.168601,0.178009,0.14408,0.178703,0.146937,0.12558,0.128202,0.107007,0.020028,0.06694,0.029483,3.963534,0.38236,0.168389,0.117525,0.098341,0.087046,0.057991,0.059393,0.059457,0.053439,0.067684,0.070075,0.041565,0.295031,70.0,0.276366,140.0,2.0,0.343547,0.276366,0.710924
42,0.048008,0.088338,0.078232,-72.2913,7.292305,-0.191776,1.80543,0.199686,0.874325,0.046961,0.42459,0.11295,0.488013,0.480738,0.304059,0.33228,0.017553,0.037092,0.029291,3.940108,1.079173,0.515991,0.498198,0.460412,0.453836,0.444538,0.46477,0.449173,0.436166,0.426975,0.411995,0.402309,0.01509,0.030373,0.008775,3.239862,0.486978,0.412334,0.401752,0.214623,0.254115,0.181657,0.322496,0.189328,0.216076,0.222918,0.19721,0.169495,0.026811,0.053968,0.030028,4.25123,0.476738,0.123516,0.106638,0.087091,0.065764,0.071838,0.075178,0.075127,0.06656,0.074153,0.057578,0.051321,0.105191,64.0,0.0,192.0,3.0,0.33886,0.223014,0.750549
43,0.072026,0.191563,0.094844,-69.19301,5.131605,1.211724,1.878594,0.518966,0.816461,0.777486,0.394824,0.307957,0.157742,0.188905,0.32326,0.478209,0.086034,0.265663,0.039511,5.820356,2.068388,1.132742,1.064888,0.941567,0.706672,0.719599,0.741495,0.675539,0.700581,0.671143,0.609871,0.538296,0.033104,0.069682,0.009719,3.207479,0.892135,0.529161,0.426963,0.37675,0.276831,0.336539,0.264039,0.297414,0.413503,0.450691,0.217141,0.213195,0.052806,0.070241,0.029315,3.69523,0.520177,0.275734,0.242668,0.223577,0.1198,0.104303,0.103021,0.093423,0.134796,0.136708,0.092251,0.074716,0.093141,91.0,0.068727,182.0,2.0,0.186132,0.335761,0.749744
44,0.02808,0.038286,0.07818,-82.301285,8.012447,2.426015,3.290331,0.478383,1.430949,0.672353,0.906949,0.463832,0.617561,-0.038928,0.488613,0.623715,0.014124,0.030879,0.03242,3.766084,1.148628,0.703518,0.714044,0.603675,0.586517,0.525329,0.468578,0.455864,0.452901,0.41163,0.468795,0.462249,0.013585,0.027807,0.007398,4.576131,1.348371,0.568831,0.787842,0.690153,0.665686,0.596411,0.411487,0.422235,0.406581,0.351172,0.358877,0.434458,0.032524,0.062182,0.029978,4.869313,0.552488,0.279952,0.297304,0.248345,0.206274,0.185454,0.145186,0.138545,0.146715,0.107516,0.156461,0.151503,0.026595,96.0,0.0,192.0,2.0,0.064501,0.143257,0.207758
45,0.070301,0.151323,0.084619,-76.317801,5.965851,0.365145,2.289636,0.407008,0.766372,0.40811,0.627654,0.452075,0.170485,0.214924,0.032569,0.088827,0.023552,0.06017,0.028975,2.664483,0.773674,0.590738,0.5678,0.530652,0.491996,0.532463,0.547983,0.557063,0.559458,0.590155,0.54487,0.546994,0.030154,0.080801,0.007473,4.729216,1.430139,0.655403,0.447551,0.344128,0.367892,0.471123,0.450238,0.497182,0.457058,0.37057,0.417738,0.524355,0.024823,0.048981,0.030029,4.569953,0.344828,0.167498,0.148872,0.079713,0.076138,0.094619,0.125741,0.169032,0.184821,0.18894,0.156877,0.169282,0.03377,88.0,0.0,176.0,2.0,0.129582,0.351654,0.57059
46,0.161218,0.46782,0.096983,-71.298043,1.176349,1.871744,1.097346,0.641059,0.372797,0.99105,0.398497,0.620176,0.640384,0.371496,0.77162,0.377546,0.119855,0.267804,0.04078,7.356566,1.631008,1.380196,1.165626,0.978787,0.930145,0.784487,0.774253,0.633667,0.631864,0.557194,0.554867,0.52775,0.053851,0.078614,0.007275,3.694672,0.786162,0.676327,0.530881,0.417822,0.393668,0.320128,0.176676,0.233029,0.233907,0.14694,0.164319,0.176207,0.036098,0.049404,0.029032,3.629354,0.491076,0.303654,0.239815,0.251637,0.17229,0.146805,0.160397,0.115809,0.113976,0.10368,0.080572,0.080849,0.466766,66.0,0.256515,132.0,2.0,0.75221,0.576382,1.477141
47,0.086016,0.141845,0.081554,-81.141092,6.714252,-1.338896,1.326248,0.340032,1.290664,0.337209,0.156768,0.419102,0.81725,0.485674,0.346063,0.314718,0.022179,0.038998,0.028579,2.867292,0.810685,0.558373,0.541209,0.518991,0.501251,0.53411,0.545498,0.533277,0.585684,0.558327,0.485108,0.47904,0.02039,0.043301,0.007069,4.19806,1.053313,0.565454,0.326625,0.376763,0.296478,0.452321,0.544807,0.462792,0.591347,0.492312,0.294102,0.221046,0.025804,0.056483,0.030561,4.576525,0.416245,0.191602,0.120845,0.091566,0.072228,0.107603,0.125139,0.122413,0.160682,0.134102,0.093242,0.091036,0.090317,79.0,0.19669,158.0,2.0,0.430059,0.102757,1.276632
48,0.029883,0.050675,0.083762,-88.234139,8.696067,1.119027,2.369219,1.079641,1.150962,0.917022,0.552859,0.961584,0.952119,0.488538,0.250609,0.374882,0.02027,0.056056,0.04399,6.015763,1.77954,0.990923,0.706482,0.582071,0.522094,0.579589,0.533652,0.549431,0.500044,0.424897,0.406528,0.408089,0.020809,0.051141,0.009769,7.90628,1.290788,1.090652,0.565802,0.321057,0.340201,0.427201,0.468477,0.348401,0.520087,0.22297,0.247094,0.261683,0.034788,0.08717,0.028797,4.270383,0.490962,0.258736,0.280633,0.177232,0.194098,0.173345,0.167016,0.199623,0.202903,0.106377,0.116712,0.121432,0.016022,98.0,0.0,196.0,2.0,0.037521,0.141889,0.217216
49,0.060739,0.1293,0.087986,-74.969455,5.062343,0.580027,1.731031,1.385309,1.168587,0.455177,0.539098,0.341326,0.517675,0.421675,0.169375,0.352368,0.048262,0.147242,0.038283,5.912524,1.360063,1.148077,1.084203,0.909545,0.768329,0.634873,0.617377,0.611695,0.561118,0.535177,0.548692,0.489496,0.021591,0.056081,0.008054,3.238341,0.87753,0.939912,0.593995,0.581137,0.478538,0.384212,0.260214,0.292438,0.273381,0.283543,0.291431,0.34146,0.032443,0.088873,0.028943,4.459082,0.362707,0.330052,0.287921,0.286853,0.19345,0.173173,0.138246,0.129087,0.109466,0.117652,0.108764,0.118507,0.170582,68.0,0.318896,136.0,2.0,0.243537,0.44028,0.837133
50,0.082983,0.30054,0.085602,-71.372412,3.145401,0.714134,1.123619,0.862533,0.806506,0.398096,0.29512,0.315694,0.78221,0.54173,0.585211,0.150867,0.082135,0.303433,0.033937,4.004739,1.268769,0.802766,0.586996,0.529168,0.504591,0.491653,0.500285,0.456431,0.459529,0.47544,0.509359,0.485804,0.024466,0.079459,0.006586,2.870643,0.353131,0.344814,0.191284,0.204201,0.241819,0.183717,0.186684,0.135467,0.180765,0.305718,0.36131,0.30325,0.027099,0.043483,0.029805,3.748058,0.215116,0.127531,0.100803,0.08498,0.077117,0.084654,0.073212,0.074158,0.076209,0.072488,0.081253,0.092276,0.508472,66.0,0.719361,132.0,2.0,0.722095,0.719361,1.507637
51,0.092565,0.31292,0.085962,-69.077208,2.639976,1.564388,1.576656,0.255043,0.955882,0.587556,0.423435,0.520499,0.40651,0.554551,0.31633,0.321789,0.084952,0.281762,0.032662,5.498476,1.505243,0.990168,1.078498,0.95629,0.624933,0.591018,0.647529,0.531299,0.585403,0.546337,0.511499,0.511172,0.026462,0.067844,0.007887,2.361893,0.579488,0.626683,0.411554,0.407856,0.199635,0.265587,0.211859,0.235174,0.220972,0.192332,0.176956,0.175724,0.035017,0.077664,0.029688,3.714091,0.406592,0.252498,0.246138,0.186199,0.120267,0.102217,0.119625,0.090132,0.085782,0.105026,0.095775,0.083248,0.312616,64.0,0.034558,192.0,3.0,0.481622,0.262755,0.832237
52,0.047676,0.117463,0.074581,-97.510495,8.310384,-0.197825,2.046647,1.489265,1.284378,0.408218,0.77254,1.084388,0.773262,0.224806,0.53774,0.464553,0.015916,0.055107,0.028271,3.325592,0.848909,0.525769,0.496151,0.483889,0.456941,0.446666,0.461113,0.455344,0.412647,0.448634,0.406489,0.428396,0.026047,0.094375,0.007759,10.969816,1.284737,0.728622,0.333077,0.492375,0.278905,0.790284,0.346603,0.624574,0.280985,0.421318,0.211982,0.307468,0.026755,0.115194,0.030085,5.502967,0.553285,0.150968,0.135167,0.17792,0.089391,0.092717,0.134184,0.119945,0.06533,0.110074,0.085737,0.083473,0.061409,84.0,0.0,168.0,2.0,0.225884,0.188141,0.681908
53,0.062633,0.107941,0.074022,-73.940519,6.953293,-0.117719,1.759308,0.278104,0.908437,0.052526,0.065847,0.156757,0.137393,0.334972,0.389665,0.479655,0.014951,0.036552,0.026885,2.252226,0.621623,0.544221,0.50691,0.495795,0.47621,0.472698,0.480412,0.467489,0.466237,0.45939,0.464979,0.439847,0.019329,0.03552,0.007902,4.14733,0.753563,0.7739,0.347393,0.362311,0.269594,0.273962,0.425951,0.276179,0.36248,0.268807,0.360614,0.23912,0.024747,0.050246,0.030502,5.2283,0.368234,0.165641,0.12192,0.089336,0.096847,0.086306,0.1039,0.11217,0.155412,0.074153,0.110588,0.064849,0.057728,81.0,0.0,162.0,2.0,0.386104,0.228516,0.698896
54,0.044887,0.086622,0.084016,-70.631617,6.908473,0.183698,2.665764,0.725549,1.518823,0.120015,0.604406,-0.154625,0.090595,0.554367,0.294602,0.34276,0.023884,0.069684,0.035777,4.678375,1.684552,0.950355,0.761263,0.679688,0.526057,0.566626,0.522318,0.49324,0.525552,0.476931,0.44044,0.404063,0.020501,0.048204,0.006496,4.394311,0.950666,0.412434,0.45745,0.546218,0.32655,0.323946,0.269039,0.342581,0.339015,0.303766,0.200171,0.183012,0.029667,0.06533,0.029815,3.858876,0.403033,0.27511,0.249442,0.224546,0.114142,0.160316,0.108259,0.123435,0.120503,0.114951,0.098225,0.092125,0.103673,91.0,0.0,182.0,2.0,0.120638,0.358358,0.562612
55,0.023817,0.042539,0.076685,-74.716779,5.888846,1.280406,1.635322,0.977475,1.058304,1.110364,0.827923,0.411217,0.47068,0.575308,0.327036,0.11054,0.014961,0.048589,0.03031,3.205148,1.04241,0.639893,0.645552,0.604006,0.558687,0.414253,0.505004,0.449603,0.427658,0.415802,0.421947,0.43397,0.02259,0.046748,0.007423,4.885776,0.863234,0.478863,0.582288,0.398508,0.316561,0.234897,0.487217,0.245079,0.391721,0.353619,0.250021,0.297281,0.033044,0.073315,0.030071,4.677771,0.489405,0.20498,0.263984,0.192031,0.143554,0.071421,0.176419,0.08725,0.091521,0.067472,0.067944,0.092991,0.035242,100.0,0.0,200.0,2.0,0.222169,0.421311,0.785003
56,0.056806,0.23133,0.09402,-69.769836,2.457773,0.78967,1.572476,0.43689,1.030961,0.524997,0.683694,0.496384,0.590433,0.453868,0.726463,0.500902,0.051474,0.266985,0.03787,5.383248,1.526871,1.137077,0.962082,0.836908,0.6675,0.679447,0.628544,0.576449,0.522193,0.499176,0.535437,0.466453,0.027796,0.07299,0.006018,1.873779,0.755857,0.483691,0.391117,0.349679,0.211916,0.184934,0.160421,0.229969,0.141584,0.149887,0.194345,0.133337,0.032359,0.074509,0.028712,4.298612,0.498685,0.233287,0.14928,0.142201,0.094156,0.109718,0.115869,0.099862,0.075045,0.071913,0.095809,0.060521,0.17922,56.0,0.268844,112.0,2.0,0.49603,0.350496,0.885866
57,0.061903,0.121791,0.0773,-81.929769,7.307117,-0.700041,1.850503,0.073356,0.762665,0.177509,0.66524,0.421521,0.175561,0.313893,0.308341,0.510152,0.019801,0.050361,0.028607,3.248917,0.974584,0.620396,0.516868,0.484851,0.479879,0.47091,0.490437,0.541677,0.546967,0.48805,0.462708,0.486836,0.020379,0.046215,0.007659,8.43441,1.55407,0.695322,0.525045,0.339689,0.351838,0.352101,0.47789,0.456091,0.494511,0.3397,0.254079,0.276394,0.026663,0.058797,0.030409,4.320993,0.439101,0.253109,0.119789,0.102912,0.103792,0.098975,0.138567,0.188692,0.178334,0.126848,0.126146,0.144367,0.048969,67.0,0.100456,134.0,2.0,0.240999,0.137842,0.51928
58,0.030032,0.090982,0.092056,-70.494798,4.143302,0.66842,1.759203,1.255837,1.224818,0.819318,1.100223,0.379829,0.588831,0.658653,0.775288,0.349783,0.017293,0.122017,0.037086,4.014559,1.08053,1.065932,0.742734,0.679747,0.597137,0.624712,0.537798,0.540273,0.545823,0.552793,0.482402,0.507311,0.024735,0.079958,0.008536,3.269353,0.798914,0.750758,0.360019,0.383739,0.271742,0.386226,0.471542,0.234784,0.273643,0.557735,0.449563,0.381885,0.028715,0.105015,0.029186,3.941964,0.28595,0.277345,0.14562,0.084546,0.098207,0.090184,0.116553,0.11118,0.154012,0.137385,0.102253,0.073783,0.028957,113.0,0.0,226.0,2.0,0.045193,0.13845,0.365182
59,0.087632,0.210806,0.078413,-66.630591,3.156732,1.267205,1.836606,1.01864,0.916538,0.382679,0.385751,0.280528,0.339215,0.279889,0.240684,0.449567,0.038102,0.117651,0.029319,3.674584,1.072038,0.696151,0.500658,0.440038,0.442977,0.479009,0.476633,0.45961,0.494834,0.446132,0.532591,0.522983,0.027455,0.069261,0.008327,2.827297,0.741725,0.374316,0.218088,0.150644,0.162456,0.258158,0.200672,0.192003,0.284307,0.212693,0.370725,0.314543,0.024899,0.044049,0.030122,3.601629,0.300663,0.109984,0.148001,0.076545,0.084769,0.096074,0.074685,0.06663,0.155042,0.082476,0.170694,0.200977,0.132441,113.0,0.0,226.0,2.0,0.213493,0.360674,0.591037
60,0.037945,0.058183,0.077725,-83.413783,7.851663,2.792551,2.584028,1.167531,0.997021,0.28559,0.034844,0.44275,0.185337,0.359665,0.619383,0.403977,0.023552,0.051747,0.029839,3.91547,1.15985,0.953182,0.846658,0.571011,0.576939,0.52301,0.467465,0.536091,0.459113,0.432231,0.43223,0.468453,0.02352,0.047981,0.007611,4.859068,1.475947,0.954775,1.281424,0.580989,0.532376,0.483668,0.356466,0.606295,0.369067,0.309337,0.393458,0.387405,0.046167,0.089288,0.030119,4.709215,0.832003,0.555807,0.436295,0.213275,0.20351,0.165513,0.157173,0.233462,0.128358,0.138926,0.108792,0.168606,0.028909,74.0,0.003404,148.0,2.0,0.179411,0.085864,0.281709
61,0.039532,0.145493,0.08218,-80.367843,5.426295,1.14538,1.752181,0.991431,0.824844,0.767193,0.630657,0.596459,0.642272,0.645049,0.47183,0.531011,0.042467,0.232493,0.031202,4.183739,1.346536,0.929244,0.796675,0.58119,0.572482,0.557119,0.544961,0.565989,0.497798,0.555119,0.495939,0.468853,0.023945,0.070993,0.006835,3.852064,0.792147,0.65386,0.557091,0.367957,0.362576,0.321344,0.308282,0.355396,0.29378,0.341904,0.314107,0.231434,0.044716,0.102706,0.0298,4.438997,0.465997,0.257443,0.227221,0.129481,0.123646,0.157008,0.098096,0.133163,0.088196,0.145404,0.117902,0.130575,0.326559,81.0,0.257757,162.0,2.0,0.734404,0.168312,1.424956
62,0.115831,0.272616,0.085057,-62.62793,2.067475,-0.396375,1.893726,0.72555,0.918246,0.207844,0.272987,0.293853,0.704982,0.62968,0.63669,0.726,0.058338,0.129392,0.031067,3.983256,0.966306,0.880296,0.847692,0.657614,0.640985,0.550943,0.513707,0.491029,0.470277,0.457627,0.463569,0.493633,0.027801,0.047993,0.007479,3.078728,0.552181,0.498256,0.531274,0.520564,0.349883,0.346337,0.212126,0.231661,0.299537,0.233255,0.306774,0.276647,0.028499,0.057681,0.030446,3.47643,0.209603,0.188533,0.205625,0.136263,0.129435,0.11599,0.088293,0.088381,0.093362,0.07942,0.075566,0.101644,0.829732,69.0,1.07725,138.0,2.0,0.829732,1.084366,1.947738
63,0.095814,0.263647,0.100987,-69.122912,4.01499,2.172354,0.97536,0.512699,0.894028,0.815181,0.352697,0.387909,0.639317,0.867782,0.148967,-0.00626,0.083836,0.257248,0.043123,5.664704,1.839648,1.107302,1.078899,0.981348,0.772816,0.708669,0.741921,0.639912,0.797841,0.633604,0.572918,0.556736,0.024486,0.06006,0.007637,1.747477,0.544913,0.511349,0.504862,0.632898,0.568053,0.405648,0.404473,0.44676,0.396324,0.34694,0.316327,0.191489,0.031998,0.054035,0.027972,3.794899,0.344798,0.213183,0.184395,0.231321,0.179723,0.124271,0.163186,0.11504,0.166675,0.144735,0.117223,0.089629,0.144292,75.0,0.024719,150.0,2.0,0.397492,0.554649,1.256742
64,0.08629,0.235833,0.077016,-75.190633,6.606154,0.67989,0.32983,0.472609,0.703915,0.664646,1.080427,0.556378,0.819151,0.685666,0.370347,0.327772,0.034481,0.120021,0.028465,2.790651,0.900587,0.564028,0.478503,0.480392,0.468179,0.444887,0.434967,0.46072,0.421154,0.40091,0.395249,0.370516,0.040432,0.173728,0.010118,4.955289,2.078427,1.148107,0.784929,0.934044,0.712852,0.309344,0.371273,0.768318,0.619133,0.227312,0.321884,0.270983,0.031921,0.114928,0.030329,5.195055,0.769,0.234995,0.102084,0.140889,0.078322,0.070208,0.082025,0.13825,0.113974,0.072466,0.068853,0.05609,0.264648,64.0,0.333092,128.0,2.0,0.477038,0.762768,1.331577
65,0.085351,0.176934,0.075883,-79.374519,6.709052,-1.634802,2.640631,-0.486803,0.888022,0.978635,-0.895966,0.707397,0.683302,0.473188,0.657329,0.505722,0.022087,0.056619,0.027956,3.536064,0.745465,0.685126,0.586814,0.574765,0.480357,0.478286,0.538977,0.459442,0.43125,0.424028,0.400384,0.434302,0.018498,0.044478,0.006526,5.56935,0.845338,0.581172,0.606135,0.668511,0.328379,0.663563,0.58054,0.420218,0.464894,0.453907,0.26444,0.286281,0.022984,0.045347,0.030636,4.957842,0.345636,0.239681,0.186909,0.160637,0.090022,0.097843,0.162119,0.070336,0.094212,0.115683,0.070309,0.074379,0.021131,84.0,0.0,168.0,2.0,0.172654,0.147919,0.32937
66,0.059919,0.120531,0.07664,-77.266818,6.400881,-0.030022,2.223638,0.065784,0.832635,0.242151,0.58755,0.341701,0.303193,0.441026,0.362364,0.293122,0.019113,0.053892,0.028974,2.81279,0.79582,0.564115,0.502588,0.490481,0.489211,0.449058,0.487988,0.454244,0.476622,0.466401,0.449201,0.427215,0.016013,0.034913,0.007725,7.103483,0.890242,0.602992,0.569267,0.266799,0.277816,0.186423,0.324714,0.316223,0.337991,0.326448,0.340251,0.254134,0.026149,0.051078,0.030214,4.586571,0.409988,0.150742,0.117073,0.098302,0.090267,0.064803,0.083519,0.107562,0.090923,0.1032,0.084048,0.081654,0.072627,59.0,0.14927,118.0,2.0,0.295393,0.531433,0.851819
67,0.072272,0.243549,0.083263,-73.957542,4.163409,0.384698,1.404664,0.354069,0.648839,0.722919,0.666292,0.606306,0.688345,0.92604,0.450733,0.549758,0.064778,0.268223,0.033675,4.795188,1.243649,1.143901,1.029153,0.820908,0.610108,0.637708,0.535043,0.546703,0.493119,0.54896,0.481038,0.460094,0.030869,0.091588,0.007544,3.317567,0.683433,0.736631,0.633749,0.473082,0.369644,0.298291,0.195795,0.321887,0.225883,0.265906,0.253374,0.23203,0.043271,0.096312,0.029952,4.174386,0.33967,0.278383,0.236801,0.135959,0.120072,0.139073,0.099495,0.11244,0.092317,0.125206,0.094702,0.081403,1.04437,66.0,1.389929,132.0,2.0,1.174277,1.389929,2.576441
68,0.043865,0.350203,0.096672,-72.42915,3.583308,2.502472,1.904451,1.25064,0.868039,0.63649,0.293496,0.215117,0.20618,0.309904,0.291545,0.095326,0.0508,0.387299,0.040639,5.782603,1.687926,1.419073,1.057188,0.951224,0.730089,0.681925,0.64513,0.591603,0.571617,0.588039,0.506046,0.517391,0.025856,0.126712,0.007805,2.734025,0.691511,0.792111,0.475099,0.565268,0.265523,0.271629,0.239417,0.171704,0.192442,0.211608,0.177425,0.16586,0.030553,0.072667,0.028808,3.729953,0.306139,0.297966,0.220843,0.186985,0.137994,0.136503,0.108207,0.129437,0.083212,0.105049,0.081217,0.069327,0.306116,61.0,0.352415,122.0,2.0,0.557825,0.364693,1.078426
69,0.058387,0.117035,0.080476,-81.881555,7.125233,-0.794748,2.000198,0.095834,0.931451,0.243246,0.612442,0.245124,0.528939,0.639427,0.389576,0.305547,0.022257,0.057569,0.029285,3.564272,0.863429,0.590214,0.586175,0.546345,0.51683,0.517492,0.53659,0.538489,0.554233,0.557651,0.529915,0.487411,0.021986,0.052893,0.007399,5.131544,1.0863,0.486191,0.402358,0.490831,0.362133,0.329161,0.327464,0.412063,0.470779,0.412173,0.355378,0.325519,0.027044,0.086671,0.029974,4.96045,0.364061,0.164047,0.162022,0.139687,0.096423,0.089923,0.09569,0.142094,0.154312,0.164484,0.162661,0.117468,0.088754,73.0,0.0,146.0,2.0,0.572717,0.320104,0.918046
70,0.04223,0.162502,0.091323,-70.836473,2.664215,0.866047,1.534706,0.673511,0.89135,0.51862,0.802764,0.679695,0.867446,1.146151,0.500947,0.343273,0.035129,0.227921,0.040764,5.453331,1.148239,1.270971,0.957012,0.679229,0.660372,0.593494,0.542989,0.574186,0.537245,0.577688,0.480167,0.480176,0.014959,0.041328,0.005963,2.798244,0.376185,0.442833,0.408539,0.22632,0.289172,0.20737,0.184967,0.1942,0.116807,0.216357,0.11869,0.155256,0.02319,0.055201,0.028634,3.471837,0.171379,0.242177,0.165807,0.12777,0.115026,0.099238,0.102051,0.092193,0.064745,0.123272,0.067683,0.076489,0.04951,56.0,0.073169,112.0,2.0,0.242157,0.1082,0.350356
71,0.123501,0.401454,0.095655,-72.222435,1.674647,1.926399,1.754007,0.656835,0.163361,0.652454,0.338224,0.678089,0.787441,0.390784,0.740498,0.421589,0.108038,0.293053,0.038858,6.738179,1.474657,1.38588,1.068882,0.943015,0.819419,0.72173,0.770836,0.680024,0.599194,0.563249,0.565459,0.529494,0.038792,0.07605,0.009327,1.79069,0.678067,0.634539,0.466144,0.449402,0.437496,0.254605,0.253165,0.230265,0.22791,0.185179,0.196945,0.203403,0.035974,0.047379,0.029307,4.31424,0.35431,0.27397,0.226247,0.185899,0.166741,0.127768,0.175295,0.130168,0.110394,0.080028,0.072721,0.0776,0.300249,56.0,0.0,112.0,2.0,0.596183,0.087094,0.683277
72,0.078378,0.19796,0.077258,-59.286443,3.674146,0.686194,1.561411,0.641371,0.365388,0.477281,0.532947,0.410174,0.598164,0.486294,0.503497,0.523995,0.031614,0.10504,0.028957,2.016933,0.647573,0.702107,0.567091,0.455744,0.461867,0.468794,0.443342,0.428984,0.444477,0.374951,0.406827,0.397314,0.022355,0.064647,0.009261,1.268314,0.583806,0.361051,0.340469,0.203462,0.278197,0.194457,0.2013,0.183297,0.128281,0.137776,0.164585,0.127786,0.024285,0.056743,0.030628,3.839579,0.280173,0.179921,0.145908,0.091791,0.090948,0.085474,0.07053,0.063608,0.081223,0.067117,0.061803,0.075419,0.250584,74.0,0.414649,148.0,2.0,0.403498,0.107992,1.091837
73,0.035327,0.072014,0.07545,-79.00649,5.122025,2.356584,1.859628,0.785821,1.242453,0.544042,0.322513,-0.016616,0.001994,0.083285,0.338455,0.487688,0.026555,0.099409,0.030095,4.563407,1.327335,0.775973,0.505112,0.467449,0.441789,0.410219,0.430509,0.4909,0.448472,0.45514,0.508044,0.445409,0.016818,0.042003,0.00771,3.928241,0.783698,0.724426,0.207903,0.39326,0.312657,0.202326,0.285943,0.378383,0.328833,0.352112,0.367859,0.255214,0.027989,0.083492,0.030153,4.656953,0.414088,0.283246,0.143986,0.122959,0.123871,0.096567,0.10944,0.154739,0.136846,0.115632,0.171783,0.111953,0.04546,52.0,0.018172,104.0,2.0,0.198146,0.02101,0.219156
74,0.035169,0.065403,0.075227,-81.750533,10.311701,0.092224,0.818851,1.569606,1.831909,0.057216,0.419342,0.482342,0.745151,0.403275,0.838195,0.711755,0.013232,0.03504,0.029861,4.111372,0.91162,1.057301,0.496378,0.666827,0.556064,0.465213,0.499597,0.422874,0.516194,0.375284,0.473949,0.386111,0.01603,0.035553,0.009759,5.77661,1.123743,0.830796,0.33932,1.003937,0.441073,0.563689,0.474611,0.358808,0.543528,0.340304,0.396751,0.496262,0.027062,0.053435,0.03062,4.801035,0.632917,0.351023,0.133192,0.348863,0.161952,0.129868,0.137076,0.118185,0.120515,0.08303,0.147194,0.098238,0.033681,88.0,0.0,176.0,2.0,0.184313,0.247136,0.476993
75,0.084866,0.192814,0.084549,-72.305086,3.718098,0.500102,1.507785,0.190989,0.655994,0.250866,0.510508,0.337167,0.505536,0.690948,0.184973,0.543154,0.041547,0.114666,0.034265,3.964675,1.177531,0.798371,0.595938,0.528804,0.433398,0.421699,0.515322,0.52628,0.535001,0.59543,0.569932,0.582491,0.026467,0.056378,0.008641,2.54836,0.889102,0.539893,0.294103,0.274809,0.210467,0.184096,0.518939,0.474272,0.433583,0.429676,0.424489,0.404748,0.024076,0.069974,0.029272,4.683654,0.35042,0.205097,0.142706,0.111773,0.085758,0.069996,0.129689,0.111926,0.148752,0.145366,0.171105,0.165589,0.13481,75.0,0.0,150.0,2.0,0.533746,0.587807,1.121553
76,0.053182,0.108195,0.080485,-69.729182,7.246829,0.167833,1.66819,0.638893,1.10274,0.542144,0.504484,0.136498,0.440795,0.090408,-0.111746,0.457628,0.027516,0.074556,0.036134,4.782915,1.877049,1.049331,0.756,0.629867,0.572144,0.583894,0.523529,0.494636,0.522604,0.5391,0.490248,0.413796,0.02063,0.064798,0.009817,3.222552,0.886285,0.795528,0.494248,0.451266,0.31914,0.432408,0.257643,0.270055,0.295512,0.446644,0.329541,0.328389,0.033756,0.073122,0.029485,4.077141,0.679815,0.436077,0.329135,0.201358,0.214888,0.151189,0.153343,0.141984,0.119337,0.156315,0.147442,0.105036,0.055599,61.0,0.067634,122.0,2.0,0.173484,0.385691,0.654932
77,0.045108,0.081834,0.085671,-84.674302,11.853471,-1.028993,0.789463,0.424427,0.975894,0.621585,0.424474,0.400304,0.519405,0.231137,0.170883,0.022339,0.012563,0.025847,0.042348,2.747659,0.927815,0.729514,0.564797,0.514161,0.480151,0.423234,0.42678,0.408456,0.408207,0.408882,0.447888,0.462892,0.017092,0.032777,0.009924,4.479816,1.251411,0.931019,0.587897,0.457193,0.367338,0.296962,0.28307,0.327685,0.298326,0.30824,0.323895,0.456733,0.026031,0.052207,0.028898,4.751924,0.557824,0.172936,0.130411,0.142821,0.143355,0.097717,0.100433,0.092151,0.117934,0.109177,0.110415,0.148424,0.010652,72.0,0.064307,144.0,2.0,0.100789,0.102511,0.370589
78,0.065879,0.115467,0.078928,-82.147611,7.087193,0.043266,2.1003,-0.226986,0.62854,0.556096,0.177152,0.531344,0.352927,0.360136,0.226271,0.232698,0.018172,0.050922,0.028533,2.086492,0.677857,0.517927,0.54569,0.533076,0.497983,0.531843,0.577002,0.504591,0.526654,0.517089,0.494777,0.446583,0.017713,0.044108,0.007936,4.045306,0.968449,0.801524,0.663616,0.673082,0.611692,0.836015,0.643497,0.830756,0.454657,0.568333,0.591021,0.646661,0.025655,0.053358,0.030236,4.547981,0.424619,0.122503,0.178208,0.15066,0.093487,0.123215,0.191473,0.138485,0.196254,0.132793,0.140188,0.095613,0.038561,96.0,0.0,192.0,2.0,0.237977,0.274327,0.638737
79,0.025856,0.595317,0.101546,-76.166765,3.390446,2.159256,1.051084,0.45283,0.778749,0.45419,0.497843,0.309426,0.552472,0.650242,0.20626,0.505799,0.031231,0.451846,0.048568,4.271225,1.033025,0.607977,0.449325,0.411391,0.398865,0.424077,0.414141,0.398194,0.405453,0.383134,0.365646,0.328875,0.01725,0.087225,0.008076,3.154078,0.954448,0.236556,0.304179,0.148367,0.090875,0.218681,0.192747,0.071093,0.07109,0.097523,0.100751,0.070491,0.028153,0.016888,0.02746,4.515024,0.334831,0.138105,0.057313,0.049335,0.039299,0.058675,0.046539,0.044595,0.059066,0.041623,0.050817,0.041594,1.232471,68.0,1.31051,136.0,2.0,1.276786,1.406923,2.683709
80,0.081354,0.302058,0.09724,-76.209068,2.419066,1.353814,1.681155,1.077603,1.078218,0.875479,0.858871,0.77323,0.843999,0.734046,0.620638,0.670318,0.087255,0.327868,0.04596,6.512197,1.529419,1.16659,0.81849,0.716019,0.682405,0.539359,0.464374,0.512859,0.502584,0.477341,0.467416,0.453966,0.018392,0.053047,0.009042,2.486091,0.392817,0.437824,0.416101,0.194697,0.217095,0.107007,0.121507,0.136194,0.155098,0.146949,0.173602,0.145579,0.019922,0.03042,0.02836,3.928069,0.223277,0.164591,0.181582,0.118775,0.114469,0.061956,0.079447,0.068104,0.08977,0.060114,0.076139,0.103849,0.78087,66.0,1.156114,132.0,2.0,1.131073,1.204185,2.335258
81,0.112665,0.3462,0.094216,-73.22667,2.741632,1.707433,1.257558,0.805555,0.742856,0.615765,0.947719,0.75842,0.813356,0.61255,0.468198,0.494374,0.082081,0.285271,0.038763,4.803621,1.004541,1.101516,0.757763,0.683399,0.630638,0.49182,0.42669,0.462839,0.448752,0.390417,0.425064,0.404553,0.045421,0.073893,0.007405,2.694329,0.741981,0.349342,0.219867,0.303975,0.215078,0.158922,0.131802,0.096486,0.103487,0.073086,0.095559,0.074911,0.02611,0.035949,0.029573,3.85519,0.30037,0.120505,0.101579,0.069436,0.059147,0.053095,0.052991,0.056388,0.052235,0.043043,0.045284,0.049654,1.180777,68.0,1.368186,136.0,2.0,1.233543,1.41513,2.693369
82,0.073194,0.140733,0.080545,-74.517081,6.94559,-1.047953,1.952278,0.341936,0.770582,0.144989,0.405832,0.186847,0.496161,0.389096,0.324653,0.193508,0.020042,0.043408,0.028217,3.01274,0.804194,0.524353,0.50819,0.485743,0.518681,0.481357,0.482828,0.514857,0.508133,0.516179,0.474873,0.447746,0.015537,0.034044,0.007524,5.018377,0.85223,0.410106,0.275035,0.300508,0.248464,0.362048,0.491118,0.446384,0.482079,0.438563,0.356211,0.254899,0.024653,0.052302,0.03029,4.244648,0.350933,0.149544,0.122719,0.063955,0.078072,0.068832,0.081025,0.139319,0.10359,0.114416,0.073605,0.081219,0.056101,94.0,0.00708,188.0,2.0,0.087328,0.236815,0.451701
83,0.092435,0.226614,0.082882,-63.435299,4.117509,0.029011,2.421237,-0.507896,0.981931,-0.225304,0.382724,0.466939,0.402704,0.741379,0.554808,0.524236,0.040554,0.090852,0.031072,5.31881,1.229503,0.714083,0.821715,0.73982,0.55787,0.565747,0.559549,0.50715,0.529752,0.47607,0.535423,0.418207,0.02748,0.059576,0.007693,3.055545,0.956141,0.367406,0.450575,0.433303,0.286995,0.271749,0.23247,0.180077,0.245883,0.15562,0.330969,0.131956,0.023239,0.051518,0.030078,4.503763,0.583867,0.234704,0.239311,0.245221,0.130604,0.152285,0.148249,0.122566,0.099089,0.115568,0.127607,0.055109,0.179426,65.0,0.47355,130.0,2.0,0.422437,0.647243,1.112877
84,0.115636,0.441821,0.087938,-70.34185,2.714254,1.08692,0.615066,0.803207,0.830422,0.606523,0.788295,0.892701,0.151616,0.785338,0.453032,0.598925,0.140928,0.378189,0.038519,5.341694,1.624186,1.002649,0.702523,0.585733,0.497048,0.452183,0.360535,0.401846,0.410856,0.448534,0.445181,0.403076,0.013363,0.044887,0.007338,1.790994,0.495953,0.375276,0.139571,0.144646,0.08174,0.100965,0.144074,0.133711,0.143659,0.115322,0.052091,0.051521,0.013152,0.020035,0.029565,3.649605,0.428048,0.117842,0.054015,0.062232,0.050673,0.040493,0.040925,0.047343,0.050531,0.042073,0.045348,0.051826,0.902254,66.0,0.642348,132.0,2.0,1.107557,0.71947,1.936093
85,0.036778,0.054587,0.076432,-87.2336,7.709325,2.189329,2.067105,1.11881,0.770747,0.471023,0.372025,0.148862,0.706017,0.522398,0.779328,0.392482,0.012882,0.029016,0.029766,4.749549,1.171635,0.84989,0.513424,0.421356,0.404043,0.392267,0.437365,0.400163,0.37886,0.419169,0.405064,0.409185,0.015767,0.035161,0.007693,5.881185,1.534234,1.069333,0.47105,0.446468,0.333074,0.415929,0.601403,0.506811,0.306258,0.393248,0.501548,0.742457,0.028494,0.062819,0.030287,4.736536,0.48092,0.302451,0.188664,0.134185,0.116143,0.102005,0.106684,0.118975,0.096964,0.132164,0.141823,0.189256,0.025877,100.0,0.00163,200.0,2.0,0.195519,0.18022,0.553048
86,0.061391,0.134275,0.085648,-69.242042,5.150191,-0.069048,2.347214,0.412375,1.037049,0.54283,0.177131,0.21078,0.065576,0.487764,0.486214,0.237385,0.032399,0.096413,0.033536,5.580556,1.357981,1.013768,0.591698,0.533787,0.469012,0.541336,0.493336,0.465859,0.547783,0.588929,0.663853,0.796306,0.017772,0.045654,0.010508,2.741043,1.193196,0.471212,0.288467,0.223847,0.161557,0.212323,0.20161,0.201858,0.321674,0.309134,0.517713,0.443998,0.024797,0.071194,0.029435,3.940724,0.380231,0.186969,0.138988,0.121715,0.090606,0.124704,0.105213,0.075691,0.166615,0.151708,0.195369,0.338841,0.117852,55.0,0.063477,110.0,2.0,0.384546,0.228637,0.719398
87,0.124628,0.262126,0.088286,-73.488363,2.930643,-0.395207,1.396992,0.577302,0.079088,0.446914,1.72242,1.259782,0.103201,0.16658,0.543511,0.205983,0.073384,0.170748,0.036247,4.422413,1.325725,1.388104,0.893238,0.848487,0.736561,0.640364,0.643027,0.617996,0.543732,0.588624,0.490879,0.473501,0.024985,0.042482,0.007235,3.307818,0.709652,1.039546,0.755093,0.510433,0.483288,0.318069,0.365866,0.377845,0.25452,0.375408,0.183747,0.322965,0.032635,0.057169,0.02952,4.222461,0.36806,0.303093,0.20362,0.207119,0.148526,0.129615,0.118551,0.105923,0.106779,0.139957,0.103371,0.102959,0.14673,67.0,0.656695,134.0,2.0,0.50402,0.720786,1.265261
88,0.05654,0.123146,0.086451,-78.038761,5.029335,-0.094122,2.646499,0.434019,0.138903,0.448408,1.47488,1.010465,0.438387,0.159111,0.508103,0.455481,0.040638,0.113782,0.037251,5.113531,1.162916,1.068577,0.793973,0.616952,0.684374,0.534799,0.531945,0.492844,0.485505,0.504403,0.464913,0.483711,0.021162,0.041089,0.008244,4.115521,0.551986,0.712897,0.74598,0.479044,0.533525,0.354346,0.337015,0.316295,0.297767,0.292342,0.316192,0.324464,0.024892,0.070023,0.029166,4.568299,0.333182,0.319513,0.249224,0.133346,0.155048,0.090069,0.092571,0.084206,0.099386,0.129188,0.119217,0.13807,0.334843,66.0,0.275384,132.0,2.0,0.564342,0.33412,0.898462
89,0.070792,0.134164,0.083193,-79.26467,7.024101,-1.01569,1.924109,0.410448,0.764596,0.34669,0.712602,0.3445,0.474853,0.271293,0.387047,0.325077,0.023886,0.048125,0.029348,4.148253,1.0411,0.658181,0.542678,0.522369,0.531927,0.51371,0.521595,0.588442,0.606608,0.551484,0.50632,0.477443,0.023128,0.036104,0.006206,7.71547,1.04341,0.454648,0.293497,0.260796,0.324634,0.373313,0.29248,0.383623,0.401895,0.379128,0.270364,0.296586,0.023785,0.047646,0.03032,4.593039,0.322764,0.151927,0.105362,0.093846,0.080588,0.080442,0.0875,0.117655,0.156201,0.10163,0.101425,0.083139,0.156867,71.0,0.0,142.0,2.0,0.61521,0.289938,1.216185
90,0.046673,0.093665,0.075878,-81.442087,8.600908,-0.671094,1.485888,0.970903,0.940885,0.206711,0.477144,0.644051,0.582888,0.334874,0.456575,0.229262,0.017558,0.034708,0.027382,2.966504,0.765973,0.539803,0.530496,0.455898,0.48778,0.456976,0.468184,0.442078,0.422913,0.438591,0.435063,0.421632,0.01812,0.036251,0.00722,7.813349,0.987237,0.605414,0.471871,0.377394,0.282631,0.498265,0.357117,0.449528,0.226492,0.194031,0.157951,0.317686,0.026791,0.054394,0.030572,4.680612,0.515557,0.149798,0.12233,0.082112,0.101185,0.095435,0.081139,0.102229,0.058928,0.076701,0.077758,0.05913,0.023338,71.0,0.009327,142.0,2.0,0.239788,0.057719,0.421471
91,0.082219,0.164966,0.074991,-71.707719,5.401837,-0.443525,2.43297,-0.527253,0.891568,-0.236457,0.379082,0.3153,0.329821,-0.037258,0.573858,0.182328,0.028039,0.065307,0.029758,4.03606,1.273121,0.621463,0.631774,0.57528,0.549822,0.478866,0.502971,0.504142,0.503869,0.571234,0.509915,0.56918,0.027473,0.06537,0.009939,4.090437,1.278695,0.505828,0.561414,0.571617,0.684764,0.465595,0.443783,0.516217,0.566709,0.686858,0.434462,0.520937,0.025399,0.05887,0.030071,4.259469,0.488267,0.202428,0.243482,0.164388,0.148391,0.152471,0.177503,0.120913,0.141301,0.205086,0.222488,0.19148,0.030605,72.0,0.026499,144.0,2.0,0.222135,0.22843,0.559116
92,0.038675,0.077361,0.080267,-75.800125,5.86277,1.448652,1.699368,0.719823,0.902368,0.523816,0.683832,0.364196,0.238547,0.263598,0.259128,0.197772,0.024474,0.086383,0.034589,4.390548,1.271734,0.734389,0.611517,0.549968,0.473633,0.480762,0.476438,0.487894,0.47678,0.429948,0.416693,0.502004,0.015064,0.053404,0.008942,4.179857,0.748053,0.87019,0.733532,0.333209,0.303399,0.258908,0.298411,0.252676,0.289306,0.237588,0.289885,0.267857,0.027681,0.082819,0.02992,4.326664,0.414548,0.193118,0.15528,0.164463,0.110458,0.151062,0.177499,0.167768,0.160966,0.146154,0.115557,0.263309,0.018861,84.0,0.064329,168.0,2.0,0.191585,0.049277,0.551654
93,0.082098,0.253042,0.093008,-68.079672,3.409922,1.037092,1.873835,0.559923,1.046746,1.109391,0.435597,0.703013,0.366551,0.525264,0.205073,0.482349,0.081705,0.273293,0.040677,6.557851,1.505717,1.47294,1.312795,0.971774,0.658598,0.647608,0.619293,0.590822,0.543226,0.515462,0.547322,0.467556,0.039365,0.084325,0.006251,2.771392,0.518046,0.654162,0.727736,0.28053,0.266875,0.285752,0.229221,0.236165,0.178811,0.156225,0.239265,0.198216,0.045148,0.072638,0.028824,3.426048,0.296588,0.303202,0.365933,0.169707,0.116466,0.111267,0.139361,0.105886,0.094575,0.067107,0.095769,0.076847,0.307704,93.0,0.380172,186.0,2.0,0.229981,0.53399,1.370934
94,0.055456,0.11324,0.079158,-82.317723,6.526623,0.655128,1.835604,0.835817,1.079839,0.531186,0.531326,0.288502,0.774856,0.401824,0.41591,0.569802,0.049807,0.110188,0.033556,4.074723,1.564853,1.062506,0.709457,0.658228,0.514725,0.573311,0.464364,0.464651,0.468512,0.400385,0.430739,0.37094,0.034554,0.076984,0.010748,3.54415,1.196864,0.60268,0.401446,0.299756,0.405902,0.493473,0.327517,0.288199,0.330098,0.267106,0.282969,0.350129,0.057545,0.099149,0.030303,4.853072,0.714555,0.408216,0.215082,0.20155,0.118444,0.161482,0.097076,0.086972,0.147569,0.06345,0.106841,0.075593,0.045525,79.0,0.112824,158.0,2.0,0.153035,0.125296,0.806289
95,0.061806,0.182233,0.081687,-62.924453,2.284638,1.110443,2.0732,0.998594,0.777752,0.805728,0.714695,0.586176,0.527063,0.30242,0.495122,0.407906,0.039412,0.158426,0.03299,3.444302,1.02834,0.950338,0.805023,0.714456,0.641144,0.595697,0.514346,0.524163,0.508261,0.488037,0.504952,0.522226,0.021957,0.065971,0.009197,1.865098,0.865796,0.491791,0.459124,0.359272,0.332352,0.274672,0.234698,0.239715,0.24326,0.243501,0.184866,0.217742,0.02792,0.058847,0.030053,3.607355,0.238677,0.247421,0.172651,0.166341,0.136922,0.115855,0.080964,0.09817,0.094403,0.084141,0.094991,0.096363,0.046568,85.0,0.0,170.0,2.0,0.205307,0.027437,0.252808
96,0.015045,0.368269,0.112005,-79.297856,8.139472,1.742927,1.800501,1.024516,1.182993,0.978228,0.742722,0.515032,0.762382,0.581339,0.632344,0.438524,0.015336,0.464514,0.066539,7.863114,2.191757,1.220497,0.764172,0.601874,0.419632,0.347897,0.33871,0.347854,0.375391,0.430105,0.331333,0.31837,0.012874,0.051251,0.011607,2.935503,0.684151,0.457415,0.35052,0.17741,0.179873,0.117825,0.090743,0.070991,0.077442,0.101822,0.094791,0.053911,0.028584,0.015678,0.024893,3.559992,0.409639,0.205205,0.14086,0.067219,0.077123,0.054315,0.044292,0.041669,0.055717,0.055492,0.056063,0.035386,0.615679,67.0,0.716661,134.0,2.0,0.691431,0.716661,1.457576
97,0.049897,0.107494,0.097196,-95.358974,5.15942,1.747262,1.714442,1.281698,0.858114,1.288146,0.794409,0.840058,0.556958,0.569429,0.899874,0.957591,0.060017,0.174479,0.040398,5.360062,1.543508,1.254332,0.974647,0.69898,0.723746,0.629734,0.660678,0.521203,0.524621,0.528027,0.491371,0.504123,0.017996,0.043042,0.006835,5.386831,0.828512,0.602527,0.431481,0.322169,0.444867,0.299782,0.313746,0.254785,0.209224,0.217329,0.202623,0.198267,0.027743,0.042781,0.028626,4.888232,0.214666,0.237066,0.224814,0.105541,0.174575,0.131845,0.14098,0.10368,0.088982,0.091595,0.11201,0.086763,0.230956,73.0,0.0,146.0,2.0,0.534123,0.007629,0.541752
98,0.061895,0.128923,0.073914,-92.808208,7.458306,0.120516,2.085312,1.017978,0.79066,0.889069,0.815517,-0.107295,0.044795,0.351221,0.375525,0.41734,0.02214,0.059205,0.028013,3.79741,0.97957,0.814496,0.611697,0.584069,0.561254,0.581172,0.592071,0.659197,0.591814,0.521209,0.519543,0.46222,0.015728,0.033133,0.007434,3.449619,0.890608,0.57038,0.403016,0.526723,0.416796,0.544406,0.57547,0.631266,0.564297,0.430384,0.343795,0.327341,0.025958,0.049216,0.030627,5.210712,0.464524,0.248432,0.148922,0.141774,0.168535,0.160346,0.131857,0.226087,0.160843,0.110682,0.101289,0.083352,0.067244,96.0,0.0,192.0,2.0,0.017544,0.339497,0.373195
99,0.041178,0.174097,0.084437,-69.736587,3.624657,-0.092257,1.934537,0.772536,1.200591,0.536146,0.582101,0.543468,0.677564,0.644771,0.698649,0.307119,0.034761,0.226568,0.032032,4.450148,1.209018,1.046608,0.870734,0.804699,0.60551,0.548324,0.471109,0.537374,0.489091,0.471493,0.438721,0.457166,0.022805,0.092779,0.00864,2.119037,0.533409,0.49733,0.325217,0.33792,0.176785,0.221032,0.14762,0.136691,0.133132,0.150973,0.104441,0.164062,0.02604,0.122482,0.030209,3.915447,0.302491,0.274586,0.277543,0.229112,0.118506,0.121881,0.072289,0.088931,0.080087,0.063118,0.050452,0.068906,0.127996,58.0,0.003874,116.0,2.0,0.507659,0.006315,0.513974
100,0.095925,0.238396,0.082233,-70.216004,3.687829,1.715213,1.960151,0.217513,1.580898,0.555146,0.27223,0.892875,0.519348,0.328271,0.570109,0.628311,0.055928,0.177009,0.033572,3.480724,1.129207,1.031729,0.84131,0.625947,0.583556,0.526702,0.57221,0.571528,0.498571,0.484689,0.498388,0.47948,0.022185,0.064251,0.007088,2.13779,0.781809,0.822583,0.847619,0.35231,0.458402,0.273729,0.314561,0.30253,0.342784,0.275864,0.309858,0.329153,0.028007,0.049735,0.029934,4.135215,0.34666,0.394112,0.24297,0.142368,0.169416,0.10067,0.111234,0.126439,0.100521,0.093792,0.107712,0.096629,0.188802,56.0,0.015757,168.0,3.0,0.513907,0.202526,1.052471
